time_s,L Aud,R Aud,Striate,L DMN,Med DMN,Front DMN,R DMN,Occ post,Motor,R DLPFC,R Front pol,R Par,R Post Temp,Basal,L Par,L DLPFC,L Front pol,L IPS,R IPS,L LOC,Vis,R LOC,D ACC,V ACC,R A Ins,L STS,R STS,L TPJ,Broca,Sup Front S,R TPJ,R Pars Op,Cereb,Dors PCC,L Ins,Cing,R Ins,L Ant IPS,R Ant IPS
0.0,-1.130251,-0.7676426,-3.4343407,-0.102504164,-0.2987912,2.3391705,-0.46069586,-0.0110738855,-0.69996876,1.1563655,0.7819684,1.9146669,0.33799782,0.2128198,1.2390852,0.7062767,-0.26324734,-1.5033159,-2.0910559,-1.2483035,-3.3003833,-2.1658869,1.4320792,0.32421535,0.3379907,-1.6843927,-1.2324699,-0.005169303,0.27221707,0.4237316,-0.11612273,0.6052073,-2.956911,-0.8918004,0.5602258,-0.15209228,-0.1595406,-1.3052907,-0.27353927
2.0,-0.4617835,0.33879682,-0.5283617,-0.7607916,-0.46132442,0.11929686,-0.8615263,0.39582056,0.062233638,1.0546726,1.59988,0.10700168,-0.6888966,-0.7375106,0.451656,0.9141438,0.584789,-0.35594642,-0.092640966,0.10820669,-1.0514323,-0.9591946,0.74287313,-0.17236027,0.7095655,-1.1911058,-1.3269157,-0.47504056,-1.2880244,0.46142888,-0.008498158,-3.577477,0.07350269,-1.3551099,-0.15261301,1.5487249,0.093956456,-0.34225672,-0.16173935
4.0,0.81017303,0.29361606,0.8935582,0.39678442,0.006163813,-0.79416764,-0.39290306,-0.5375161,0.24412741,-0.58169496,-0.19814914,-0.6796922,-1.4027346,-1.5053079,1.1175379,1.0279129,0.50671244,-1.2064985,-0.5611748,-1.4478065,-2.327285,-1.4458987,0.98853695,1.3207148,0.60254556,-1.9522997,-1.291079,-0.43697727,-0.63103694,1.5306425,-1.2372544,-3.2073698,-0.81444293,-0.5437117,-0.5959735,-0.5491018,-1.0587667,0.041115686,-0.789712
6.0,0.27949998,0.56332225,1.3893021,1.3751472,1.1156257,0.13206176,0.34764794,-1.2530751,-1.036028,-1.1169735,-0.7904914,0.17113297,0.18519993,-1.8690486,1.7423767,0.88316524,0.6050035,-1.2397736,-0.5581803,-2.003566,-1.948378,-1.9196475,0.79206496,1.2498448,-0.5311263,-1.3645889,-0.96377,0.6551049,-0.9892034,0.38296792,-1.1190338,-2.1171567,0.04731906,-0.9361301,-0.5778824,-1.7365624,-1.4893342,-0.4088671,-1.0167329
8.0,1.1369952,-0.41985327,0.6436383,2.7415233,2.6263397,1.2227901,0.91749233,-1.8750775,-1.2977142,0.2674771,0.26033393,1.5575182,0.26806083,0.10372834,1.7105247,2.1478045,1.108601,0.015120492,0.30133304,-1.8176287,-0.7086703,-2.3416271,1.1960708,0.26974532,-1.1120691,-1.6151102,-0.82868814,0.4439368,-0.8456274,0.4298418,-2.8731656,-0.79376435,-1.3895279,1.0846208,-0.7097194,-1.1856132,-1.2180121,-0.8075011,-1.1179122
10.0,-1.0755922,-1.171714,0.17640953,2.3088088,2.3295357,-0.12891585,0.17674904,-2.3868213,-0.91494644,0.06557894,0.527023,1.7931811,1.4616052,1.2571032,1.721996,1.3486707,2.709944,0.25782353,0.7628361,-1.7507932,-1.5037695,-2.227499,0.79430294,-0.0038249064,0.6209948,0.46570814,0.29383454,-0.74346334,-0.9984946,-0.889963,-2.6141999,-0.5313149,-1.5580018,1.0953885,-0.47564858,0.36262894,-0.12084218,-0.44940972,-0.35574454
12.0,-0.47202766,-0.023126911,-0.12359059,2.0576134,2.009972,-0.695281,-1.1423593,-4.243632,-0.10837987,0.47231424,0.7110258,1.5996062,1.2897032,0.62313175,1.3238093,1.242571,2.2604327,-0.8528638,0.23361523,-3.4273176,-3.0455618,-3.524996,1.5554365,1.3888365,0.39242294,-0.06304018,0.3186203,-0.30387175,-1.1979041,1.5050957,-1.9871718,0.21057485,-1.9306555,0.67179614,-0.08384572,-1.0576255,-0.3905056,-0.25812265,-0.3768171
14.0,0.18124752,-0.5938184,-1.6596206,1.881917,1.6861275,0.6025264,0.18920903,-3.4698658,0.08706976,-0.70019543,-0.9040931,0.22184819,-1.0097607,0.8317513,-0.03352565,0.40806633,0.56446105,-0.8603554,-0.29231575,-3.4349551,-2.35166,-3.3262594,0.6452572,0.77937,0.14629032,-1.0922496,-0.69062835,0.5796222,-0.75871855,-0.39741552,-0.6577115,-0.4523203,-0.64156276,-0.38822666,-0.88904554,-2.3513973,-1.1707749,-0.71475583,-0.48543808
16.0,-0.91312325,-1.3971496,-1.0180331,1.5787946,1.1202657,1.3720082,0.30368218,-1.8607272,-0.18917485,-1.2487458,-1.3175681,-0.30777755,0.9739739,0.11799003,-0.053285275,-0.7210287,-0.74041724,-0.74364734,-0.26988468,-1.4314246,-1.1503258,-1.7745831,0.19756515,1.1985127,-0.32106048,-1.1523316,-0.40462294,0.48628196,-1.000191,-0.72090954,-0.94722193,0.88698024,-2.4367456,-0.5334712,0.5729424,-1.5249422,-0.5155334,-0.71701324,-0.8385377
18.0,-0.9757133,-1.3522451,-0.36897427,0.7463997,-0.25689864,1.4250131,1.0994478,-0.79535013,-0.2973412,-0.53734654,-1.3477167,-0.6940372,0.2721994,-0.05027079,-0.14193767,-0.0137868365,-0.74675953,-0.1793147,-0.14630313,-0.0345251,0.32498318,-0.18759115,0.027107753,-0.20263378,-0.17650028,-0.66781265,-0.2630858,0.7811207,0.08475031,-0.28158987,0.86591226,0.50200963,-1.0746083,-0.7932442,0.4595651,-0.6719995,-0.018561337,-0.64265,-0.27838308
20.0,-0.4559661,-0.25840682,0.5244325,0.34450912,-0.5231281,1.9690117,0.90438265,0.658019,0.33521003,-0.39192358,-0.9586123,-0.36445767,1.4195498,0.78673947,0.59756935,-0.12839861,-1.3373799,0.96359587,1.274091,1.7356868,0.5160676,1.0973607,-1.4107547,-1.4854,-0.58182216,0.08665611,-0.19785468,-0.54922104,1.3782039,-0.9122101,0.42853686,0.87156236,-0.6466103,-0.98195595,-2.0311458,0.030230302,-1.0758032,-0.6403413,0.022158943
22.0,-0.16540627,0.37312153,-0.14526051,1.7665589,-0.39004555,1.662125,0.4561945,0.051679693,-0.3977977,-1.471386,-1.0905876,-0.873129,-0.17815551,-0.15259697,0.23923536,-0.08883339,-0.00041998093,0.7539573,1.1982651,0.7089397,-1.131987,0.072802484,-2.1382654,-1.5773033,-1.2764965,-0.89924335,-1.1603575,-2.1461775,-1.4604104,-0.6077662,-1.1076349,-2.2139597,-1.93166,-1.4177454,-1.5220207,-1.3751725,-2.1146228,-0.3671907,-0.9459187
24.0,1.4957743,2.1459515,1.3898671,1.3541665,0.21211176,0.7500459,-0.04743904,0.94940406,1.4548949,-0.102101736,-0.2446453,0.5295564,0.9379012,1.6393155,-0.4839661,-1.0947446,-0.1526823,0.2931306,0.85079247,1.3859735,-0.03267765,0.74032104,-1.2992747,-0.6961248,-0.9886862,0.84777516,0.5197986,-2.472462,-1.0430089,-1.6667273,-2.1640894,-0.5704332,-0.1455908,-1.734079,-0.30647543,0.5493079,-0.6242186,-0.6117629,0.65596664
26.0,0.497445,1.0283927,1.4021196,-0.73401386,-0.8633,-1.3690803,-0.5739733,0.8400063,0.44751176,-0.07443602,-0.010058134,0.18830211,0.4018901,1.5336845,-1.3998098,-0.5903629,0.038161375,0.13260727,-0.8040948,0.20114596,0.76309156,0.04075629,-0.63219875,0.1336125,0.099206276,0.49420345,0.106589,-0.40975863,-0.4860446,0.7113312,-1.2313792,-0.9727297,-0.9668751,-0.9063498,0.70303166,0.6981233,-0.15838099,-0.34266642,0.3773196
28.0,0.7506912,0.068481095,2.3548124,-2.207931,-0.82974386,-1.5384741,-1.671409,0.8450154,-0.27998874,0.8703399,0.7766181,0.5037178,0.048426375,0.77732694,-0.64750385,0.19591734,0.54590416,0.7224011,-0.8174355,-0.25945586,1.7564055,0.6288019,-0.24053682,0.50561965,0.8959389,0.3579853,0.9065924,0.8522347,0.30680752,0.10460482,0.6369102,1.3440738,-0.2287699,-0.13281277,1.612253,1.7690005,2.517469,0.34371758,0.43105856
30.0,0.6343003,0.3217161,2.4227583,-2.4619548,-1.3742986,-2.183122,-1.6514025,1.611526,-0.69106793,1.15396,1.9123008,0.64188546,-0.44685996,-0.9834861,-1.054564,0.7511553,0.9267857,0.40671217,-0.37382954,0.3614946,2.4641678,1.3334028,-0.011045055,-0.037959658,1.8681155,-1.1366119,-1.2186241,-0.63298345,-1.5175741,-0.53579944,0.81295615,1.5909468,0.0049028615,0.55210227,0.20494004,-1.1471512,1.0416923,-0.13544315,0.58247346
32.0,0.43635553,1.4274707,1.2864953,-1.8252337,-1.0136511,-0.98065597,-1.3548181,1.8810861,0.20563613,1.3930323,1.8689866,0.56061584,-0.24350825,-0.3402005,-0.031849977,-0.27010784,0.95751727,-0.76992023,-0.16883689,0.913932,2.0079513,1.5468841,-1.0533137,-0.41847038,1.4408847,-0.55709636,-0.5027511,-1.3623812,-0.49873224,-1.0603644,0.0132683655,2.3926244,0.6536548,0.17975233,-0.31414247,-0.3711779,0.46381295,0.24443556,0.23499316
34.0,0.9910362,1.546335,0.70074284,-0.49975136,-0.2125027,0.20109454,-1.0836016,1.8600254,0.070554025,1.6356857,1.8569516,0.50836635,0.7543768,-0.2336334,-0.105063744,-0.3465692,0.30164418,-0.13862832,0.017415473,1.0201802,1.3120576,1.3622618,-1.4559696,0.49596858,0.9565801,0.52725416,1.0683937,-0.17594925,0.42274413,1.3073064,-0.2754696,1.1736937,2.074146,-0.20763417,0.6882968,1.0722075,1.1335832,-1.4192243,0.08738654
36.0,0.65314597,1.0596641,-0.39368865,-0.17196056,0.11913094,-0.6442126,-0.89799255,1.1520283,-0.010973669,0.8143306,1.8317485,0.30905214,-0.13558419,-0.018424883,-0.66193175,-0.41084957,-0.009932751,0.4180765,0.512213,0.98826677,1.3876883,1.4690259,-0.59928733,0.9222117,0.58731985,0.275606,0.63748777,-0.60007477,0.3180388,-0.47873667,0.4485571,-0.3228913,1.4344745,-0.14762671,0.46117315,0.9435633,0.56619716,-0.23821709,-0.44098353
38.0,-0.5908144,0.79804343,-1.023642,-1.0860964,-0.38658836,-0.47523484,-0.7883015,1.0826439,-0.8175041,0.45748165,1.9930345,0.7611013,-0.9879755,0.21585594,-0.52120197,-0.9111318,0.6474864,-0.011858206,-0.65512586,0.56190866,0.35906863,0.8175272,0.50697,1.3063077,0.939717,-0.37835553,-0.83222634,-0.52204174,0.54386634,0.33725286,-0.07714972,-0.5419613,1.7966504,-1.0581127,1.0348858,-0.36090866,0.92118007,-0.61476284,0.12294899
40.0,0.70271194,0.552207,0.51635915,-1.5632348,-0.6788111,-0.28321218,-0.40935206,1.7158309,0.53287375,1.2838503,1.7495073,0.8535906,0.20729916,-0.5654385,-1.3097901,-1.0940522,0.69150686,0.6728263,-0.2726529,1.2409319,0.95324403,1.443465,0.96305174,0.9259408,1.3305967,-0.123250015,-0.98395354,-1.1752628,-0.8496993,0.039742358,0.9986886,1.3347207,0.00948772,0.5419257,0.7381774,-0.67734635,1.4058098,0.6420672,1.0341828
42.0,-0.66485417,-1.0016975,0.070630714,-0.80639285,-0.82358545,-0.8950632,-0.48132408,1.4755039,0.46673885,1.0983083,1.5371366,0.7491551,0.40729576,-1.0092374,-1.2556802,-0.8348056,1.4908941,-0.04353158,-1.3763045,0.8522474,0.741124,0.707692,1.5654062,0.33147168,1.3440962,-0.757177,-1.1098423,-1.230699,-2.1534293,0.24401882,-0.4212788,0.029972529,0.5201523,0.8018904,-0.32465148,-0.5327652,0.07624929,-1.4013729,-0.122192845
44.0,-0.39271125,-0.7432322,0.105812736,-0.4064263,0.34162188,0.89429927,0.85138947,1.9510993,0.6824286,1.7819031,1.5793055,0.98985285,1.6462172,0.14933302,-0.113712795,0.5013528,0.5894798,1.0586909,0.10848435,1.0220597,0.93726593,1.0275477,1.42852,0.748133,1.5575681,0.33580014,0.34155488,0.77956086,0.26727772,-0.24119814,0.024054995,1.596516,-0.8837798,1.9802859,1.1044465,-0.750479,0.7067375,-0.96414894,0.83652174
46.0,-1.1680056,-0.53327054,-0.12550801,0.17330298,-0.5723469,0.108894944,0.40919018,1.1254572,0.06810391,-0.26620296,-1.2780415,-0.51054984,0.6605706,-0.32024425,-0.4253557,-0.34169048,-1.2211581,0.6868053,0.2190418,0.086329274,0.3199079,0.16520326,-0.11457093,-0.73254764,-0.12869686,-0.27352867,-0.08872207,-0.0012180604,0.018823192,-0.7390417,-0.88938475,-0.5785295,-0.54419416,0.84519124,-1.5780197,0.10376034,-1.2528101,-1.0972245,0.5759897
48.0,-0.2392049,0.30819777,0.71156603,0.22885428,-0.9090415,-0.5276813,0.18847118,0.35015902,0.2315393,-0.21816324,-0.6791295,-0.76783305,-0.5781654,0.9917757,-0.38497797,0.6616071,-1.1261375,0.04166018,0.76425344,-0.32824677,0.12615022,0.070524424,-0.2604077,-0.20062508,-1.0235842,0.09553818,0.07725897,0.18799184,1.1993419,-0.53828216,-0.23651345,0.56877244,-0.51860267,-0.6868075,0.08791249,0.13534151,0.2217122,-0.95027053,0.06572799
50.0,0.40814006,0.9802858,-0.0071524316,0.2959373,-0.5921702,-0.24383815,-0.2231447,-0.091147214,0.1274755,0.53382945,-0.14242998,-0.047771383,-0.93160766,0.49463075,0.3220159,1.1488563,-0.5702107,0.01405339,0.54262537,-0.13108894,1.3600093,0.16764067,0.36823255,-0.0054493947,-0.47739875,0.63715553,-0.09012302,0.6702705,0.8737322,-0.7352491,1.0287971,0.8572719,0.97933143,0.07930806,-0.33076933,0.9834436,0.4358345,0.5858704,0.69814557
52.0,-0.09193062,0.9940532,0.89274603,-0.4191761,-1.4477298,-0.45112485,-0.29616863,-0.762734,0.222333,0.36957896,-0.47959858,0.25231463,-1.0871384,0.23507114,-0.27590975,0.1943357,-0.77242154,-0.5899091,0.04306962,-0.04686193,0.953017,0.029431874,-0.13311777,-0.027135277,-0.41862327,0.23920599,0.30044037,-0.024140706,0.70982504,-0.6199883,0.31863058,0.5887791,1.2357682,-0.48991707,-0.77152205,0.44001514,0.014249375,-0.6546359,-0.14875993
54.0,-0.33676615,0.010648315,0.4195336,-0.87686807,-0.3884524,-0.24780616,-0.3584828,-0.3190977,0.1749377,0.39233688,-0.2276303,1.324243,0.83783185,0.76456016,0.31652465,-0.14329448,-0.1701901,-0.60049814,-0.27078715,-0.706529,-1.3187765,-0.51763153,-0.5256486,-0.07860913,-0.034741748,-1.1334934,-0.3044352,-0.42651838,-0.20853381,-1.4153659,-0.48613572,-0.08668069,-0.608251,0.08899868,-0.18346441,-0.30566934,-0.22404808,-0.6614326,-0.6686626
56.0,0.1755312,1.0527104,-0.2737815,-0.9831065,-0.009436393,-0.9313754,-0.18538535,-0.39259192,-0.08758075,1.431521,1.0875747,2.1141512,1.0652086,-0.16080949,0.6022881,0.058528144,-0.028320936,-0.90060204,-0.27044564,-1.3936194,-1.5119541,-1.1422403,-0.23300631,0.23445106,0.33540615,0.6005342,0.060195126,-0.16307321,-0.5218258,-0.6258907,-0.09657487,1.7946455,-0.09760188,1.0339087,1.0735877,-0.019263975,0.76269,0.5766724,0.19158003
58.0,0.12037353,1.0160986,0.7933546,-1.7041812,-0.9311435,-1.0646106,-1.2483652,-0.9893615,1.308678,0.9706683,0.2711871,2.2017152,1.3927741,0.38289803,-0.22712053,-1.3142291,0.22720985,-1.0382826,-1.0242164,-1.7105808,-1.2693298,-1.4675192,0.37894964,1.5141145,1.1507505,1.7016758,2.1723814,-0.5817174,-0.05599688,0.48717105,0.23673299,1.5620755,0.30638838,-0.48796883,0.46260813,0.26743218,1.5912855,0.27402672,0.7905751
60.0,-0.19070159,0.20396903,-0.055536587,-1.643178,-1.0872909,-1.335099,-1.227382,-0.30091152,1.9674704,1.5916643,1.255131,0.98463094,1.1881741,-0.43140852,-1.1790125,-1.153617,-0.004206516,0.4717758,-0.7155444,0.115486026,0.55370504,0.33085972,-0.34859484,0.7746206,1.3184643,0.80821884,2.029951,-0.7880401,1.0131278,1.22908,0.42510983,2.252282,2.0085704,-0.044246927,0.61018354,0.64814466,1.7716775,0.7514696,1.634168
62.0,-0.8487109,-0.22904103,-0.5024421,-0.63903207,-0.74133486,0.13506408,-0.78768504,-0.049139544,0.31583133,1.3302805,1.2771322,0.59494895,0.04126868,-0.24446839,-0.35230973,-0.73397905,-0.3356861,0.19804893,-0.10990534,0.040527064,0.7736111,0.31896895,-0.012051842,0.7311454,1.5973926,-0.77876353,0.23610274,-1.1989279,-0.09108413,0.44168833,-0.2672471,1.1482499,0.15733324,-0.07582397,0.67658234,0.17030658,0.78775245,-0.15005651,1.0999358
64.0,-0.574394,-0.7575937,-0.50228673,-0.11009665,0.25505054,2.2324421,-0.21753772,-0.5271749,0.6261846,0.32531968,1.6193928,-0.3166814,-0.81148565,-0.3274995,0.32811955,0.5013923,0.6861854,-0.13337147,0.8597664,-0.03359543,0.5938237,0.25874338,-0.34359008,0.21168065,1.3684492,0.52455205,0.17320326,0.17800522,1.3102168,1.2661631,-0.3594796,0.21649437,0.6708747,-0.05194223,0.94102675,0.13660066,0.79514223,1.0442358,0.2096784
66.0,-0.5223764,-0.055656943,-1.310527,0.025898907,0.10658258,-0.17478766,-0.049395785,-0.18974736,0.12710327,-2.1651871,-0.40221402,-2.4082007,-0.69396675,-1.3778573,-0.33545205,-0.14014845,-0.22322907,0.25680044,1.4240224,-0.36492687,-0.15634508,-0.060981244,-0.3961856,-0.50974816,0.109681495,0.42622918,0.08738678,-0.43778524,0.36130416,0.009912716,-0.8394139,-0.111103415,-0.9748836,-0.4777623,-0.118552126,0.120665416,-0.16079015,0.34243134,-0.4063283
68.0,1.636001,0.8952367,0.7038427,0.6863756,0.39405182,-0.68424773,1.3387986,-0.1697647,0.571818,-2.4195747,-1.2493887,-2.5221152,-0.50578195,0.4726446,-0.95871216,-0.55739206,-0.87866706,1.70772,1.8175308,0.86205375,0.70142835,0.5888265,0.23455091,-0.96231276,-1.1932575,0.6178274,0.39774778,1.0109245,1.268229,0.83221644,0.6493457,0.60052377,0.20255741,0.6983634,-1.1724397,0.19212241,-0.02655432,0.13057427,0.021977589
70.0,-0.136795,-0.26490209,0.05576412,0.64506155,-0.67696345,-1.581765,0.5162389,-0.65301657,-0.70706075,-3.169596,-3.2843435,-2.6976538,-1.8310772,-0.80315566,-1.1092085,-0.83762264,-1.8508552,0.7509428,0.6522874,-0.14193113,0.3105216,-0.12294056,-1.5617085,-1.3324692,-2.6277137,-1.0555962,-1.008429,0.22726661,0.03691899,-2.1745553,0.502067,-0.71104085,-0.22573785,-0.7230446,-1.4928061,-0.3967793,-1.2407293,-0.37823454,-1.2141529
72.0,0.7174961,0.71514684,1.5960686,0.6434097,-0.2869619,-0.016359994,1.0408704,0.20825608,1.163694,-1.2696192,-1.7798811,-0.62566143,0.36540946,1.5867211,-1.0102346,0.073190294,-1.344319,1.8454455,0.9531396,0.93622595,1.5090172,0.421074,-1.2989279,-0.37972832,-1.808896,0.8170738,1.0700401,1.4115334,0.30139953,-1.4549698,1.5251349,1.0290012,-0.4548988,0.3535814,0.29077598,0.6279113,0.14633547,0.0059984103,0.19772655
74.0,-0.26238695,-0.82009,0.44841647,0.21738572,-0.41838065,0.14194675,1.1914822,-0.06332229,0.10740182,-1.004271,-1.2618408,-0.56995136,0.27316794,0.8262458,-0.24851409,0.11068648,-1.3799074,0.57240486,0.020408547,0.37124878,0.60618234,-0.20467208,-0.30453357,-0.22125168,-1.3894717,0.6184575,0.59501565,1.5311283,-0.37080973,0.0029132627,0.7533936,0.6125853,1.1678772,0.25627977,-0.19204363,0.9904456,-0.27815264,1.6132452,0.6823807
76.0,-1.2710681,-0.85880464,-0.021608409,0.37650183,0.54479295,0.41903886,0.3955157,-0.39680994,-0.003950047,0.13614911,-1.096008,0.89426947,1.4065807,-0.05149332,0.7720113,0.22997218,-0.2253952,-0.19956547,0.08253437,0.10099205,-0.5071855,-0.20611846,0.29208338,1.3905618,-0.06604859,0.5904017,0.45598906,0.73149097,-0.9494712,1.1941738,0.4587377,0.77510786,-2.5634413,-0.42486197,1.531343,0.5184395,0.6593331,1.8277932,2.0934374
78.0,-0.71099406,0.30277893,-1.0450646,0.058845624,0.6612327,1.084363,1.3549747,-0.6195192,0.112527065,0.49024102,-1.1688929,0.50218207,1.5302032,-1.13812,2.4668696,0.36997458,-0.071915604,-1.0730202,0.11249209,-0.14586084,-0.19318837,-0.12759274,0.9640825,0.050843667,-0.016926257,0.74660814,0.19993645,-0.12925898,0.7553094,0.75797,0.9752357,-1.116585,-0.3825359,0.36827707,-0.37031585,-0.31691107,-1.3179028,2.5761652,1.0304304
80.0,1.4630094,1.7788361,0.40622216,-0.5505268,0.55960906,0.19455394,0.80086887,-0.3212732,1.1973234,0.5454253,-0.55916923,-0.01803355,0.72335064,-0.32429242,0.7886149,0.37859184,0.6983634,0.77021486,0.8228093,1.2640542,0.6296785,0.6270612,0.42563918,-0.92056453,0.29491833,0.9015441,-0.17954494,-0.85397303,0.18719934,-0.008421915,-0.12294946,-0.87148505,-0.30128768,0.48836452,-0.49432632,0.29695442,-0.7381116,0.42311034,0.073700905
82.0,1.393599,0.40564877,-2.187836,-1.5271679,-0.16486916,-1.5795727,-1.0667912,0.121957816,-0.71673036,-0.5892062,-0.8016597,-0.42393702,-1.5327462,-1.4706459,-0.82900393,-0.37273958,-0.08267212,0.23920211,-0.3819568,-0.019982932,0.093129225,-0.01023657,-0.33203667,-0.6922902,-0.6384895,0.3206302,-0.8282089,-1.5204177,0.33796012,-0.22618188,-0.10587515,-1.1741179,-0.3436734,-0.4136064,-0.2529546,0.249382,-0.735107,0.92974097,0.29596075
84.0,1.6949315,1.6012695,-0.16271663,-1.1818455,0.45332634,-0.32340842,-1.0130879,0.6299227,0.79426044,0.36503747,-0.49424794,0.34626365,-0.5164233,1.4540389,0.107131794,0.4650259,0.914425,0.92801523,0.35622498,0.28901443,0.34446406,0.8916632,0.6959706,0.3619753,0.21377264,1.0668033,0.41067067,0.80085284,1.9963729,0.41471848,0.42173135,0.773137,-0.082620874,0.47779173,0.7902646,0.7582814,-0.21181554,0.9629559,1.316227
86.0,1.723067,1.5355071,-0.3820294,-0.77126616,0.22227757,-0.36702883,-0.8806326,-0.26263466,0.4917351,-0.12839094,-0.58345467,0.46806458,-0.14281663,0.43276814,1.2789177,0.92818666,0.43773496,-0.9226476,-0.7578302,-0.7976529,-1.00753,-0.37279892,0.5593774,0.6898145,0.34212992,1.282198,1.6560035,0.21052633,0.8466472,1.1393872,0.8090684,0.8853678,0.84645694,0.0017613234,1.0570967,1.2509104,0.8548972,1.4638447,1.1663421
88.0,2.7802134,1.680037,0.23881146,0.43941718,0.83102983,0.26526383,0.486306,0.99532086,0.71595925,0.6667416,0.14708629,-0.10261481,0.60993093,2.7881784,0.054373644,0.06939613,0.773449,0.6119795,-0.15973255,1.863918,0.95708513,1.0671688,1.3625566,1.537592,1.7785404,2.096776,2.4608026,1.0698651,0.044589926,1.0999637,1.7117658,0.22639309,1.0730985,1.5858455,1.2623129,2.179724,1.7112638,-0.20519292,1.6107358
90.0,0.06705051,-0.7994195,-1.8805273,0.16115132,0.9150993,0.4750175,0.10475609,0.23106167,-0.39135408,-0.45752344,-0.42553025,-0.13775851,-0.44323757,1.316369,0.3652699,-0.33046898,0.8319769,-1.0433304,-0.41306055,0.25189856,-0.8318686,-0.14526558,1.0970253,0.7845758,1.541316,0.08294539,0.9227508,-0.9766761,-0.3137039,0.94625133,0.7701815,-0.7364502,-0.7993581,0.26848242,-0.5432989,-0.034063477,0.9397571,-0.80694276,-0.56939256
92.0,-1.4685329,-2.3293982,-2.4229972,0.43192983,0.7998372,1.4891081,0.4175077,0.4672513,0.018073468,-1.0699334,-1.4678421,-0.8280379,-1.0361968,1.22727,-0.08169465,-0.58893347,-0.7053096,-0.8182219,-1.0305604,0.16331428,-0.27460554,0.7335141,-0.62028176,-0.8096746,-0.10777249,0.6215168,-0.08978608,0.78910923,1.2269745,0.13598959,2.0428474,-0.18366393,0.16886021,-0.110942714,-0.12446653,-1.2552971,-0.7052572,0.76617414,-1.4037396
94.0,-0.28015703,-1.0843793,-1.8758211,0.9270887,-0.22196294,1.1643414,0.8821891,0.003650365,-0.25330997,-0.26935512,-1.2179614,-0.40888846,-0.8041307,0.10980368,0.15529345,-0.6105873,-1.0025531,-0.7009087,-1.0548165,-0.31245953,0.08722072,0.66596496,0.18416144,-0.46415377,-0.6203018,0.61869144,0.22207877,0.79896474,1.7485923,0.29327133,1.5184805,0.431106,1.7904388,0.0393455,0.04948826,-0.3174622,-0.04646,0.9774233,-0.22242393
96.0,-1.423585,-1.3425483,-1.5178204,0.2711692,-0.19931076,0.11659868,0.082301706,-0.5277594,0.15754701,0.52042806,-0.8962252,-0.33849728,-0.8081259,-0.24264051,0.1658003,0.33872107,-0.12299742,-0.7811672,-0.8049433,-0.6438809,0.1885307,-0.09200334,0.58536977,-0.17669648,0.029916443,0.21645841,-0.4312739,1.0173876,-0.14626583,0.0847555,0.67314285,-0.6223225,0.6230575,-3.3173517e-05,-0.15113589,-0.5068716,-0.41772652,0.37364718,-1.0902236
98.0,-0.6548945,-0.6598237,-0.4424577,0.7097481,0.5772526,0.34184378,0.74696517,-0.029805444,1.5295937,0.98317534,0.005655466,0.1213078,1.0372047,-0.11644755,1.180028,1.8039386,0.47510007,0.22635579,0.90010506,0.03893446,0.45679063,0.2890195,1.404353,0.29047865,0.8956232,0.2985416,0.20408265,1.5650053,0.63698316,0.53135204,0.5560745,0.18934067,1.3427238,0.55838144,0.50302345,-0.044800222,0.27096498,0.54049075,0.0016770889
100.0,-0.78000027,-0.68186396,0.29464877,0.3781977,0.7066614,-0.06895373,1.0720104,-0.45266402,1.2673522,0.39706177,-0.4278661,-0.07831625,1.492979,0.68385583,1.4025195,1.5941194,0.7214429,0.7328714,1.0523572,0.613597,0.9518394,0.7265873,0.2951711,0.26331973,1.1116227,0.30268562,0.58816034,2.4285572,0.22517765,0.50681543,0.99572176,-0.7789786,0.2660336,0.9998159,-0.5713427,0.06559769,-0.29342976,-0.34509718,0.48909444
102.0,0.30219603,0.24620028,1.2920885,0.7120293,1.1554312,0.5966616,0.7142383,-0.7026135,0.71069306,1.7433106,1.3002926,0.46816584,2.4739752,0.60515803,1.0115703,2.0262525,2.2493942,1.217001,1.6313006,0.9084623,0.469939,1.0332911,0.9568466,0.16014437,0.9414048,-0.9855036,-0.3574151,2.109311,-0.6847289,0.9604067,0.5548212,-0.6215773,0.5186751,1.8739302,-0.71312183,-0.15397424,-0.51884913,-1.4197944,0.16242301
104.0,-0.7739009,-1.0738144,0.97225994,-0.29726636,-0.10679762,-0.69619226,0.4590981,0.025377842,-1.4338477,-0.723764,0.741367,-0.16228311,1.1464568,0.5328294,-0.9431092,-0.16987374,0.9399992,0.33489847,1.0954885,0.63637257,-1.154129,0.64473355,-1.0905132,-0.8396385,-0.40638298,-1.1978214,-0.73109734,-0.34202653,-1.7436862,-0.4850447,-0.7048699,0.13385424,-0.9817202,0.98347515,-0.14392127,0.061705504,0.023739498,-1.8089234,-1.5636947
106.0,0.28459695,-0.6471543,0.09563374,0.09215676,0.45056507,0.46706274,0.47773367,0.43565136,-2.1909165,-0.731914,1.5038526,-0.43052378,0.19959435,0.06775967,-0.747988,-0.55848897,0.020037862,-1.1227479,-0.16033173,0.28706598,-1.1902467,-0.044477053,-0.5347981,0.6267708,-0.2620728,-0.73120505,0.10884541,-0.31419757,-0.61468476,0.91646993,-1.1448358,-0.049287435,-0.07704122,1.2756697,0.6432302,0.3986323,0.6838451,-0.13574311,-2.053898
108.0,0.5526038,0.05997907,1.1535287,-1.0869077,-1.3171694,-0.9529467,-0.64211786,0.98226553,-1.8289877,-2.4864783,-1.5469412,-1.1915346,-1.9424659,0.15060769,-1.1667358,-3.0776427,-1.5403231,-1.8551092,-1.420158,0.26698193,-0.65043443,0.28700393,-0.7544285,0.6597574,-0.3270206,0.9576642,2.2660165,-2.2000592,-0.5250481,0.9926044,0.008640121,-1.2620243,0.86780536,-0.7777716,1.8874756,2.9197834,1.7906711,0.48742187,-0.17936032
110.0,0.17470734,0.24007106,2.148853,-0.3777664,-0.82206064,0.24075043,-0.6757425,0.20359541,-0.011357013,-0.82715964,-0.41457117,-0.8339895,-1.2769681,-1.0473523,-0.81322426,-1.4877199,-1.0473162,0.16465078,-1.0550412,0.25176904,0.2671662,0.14443322,-0.14187276,0.35486013,0.10691298,1.1778225,1.7881551,-0.4980753,-0.18589102,0.2262983,-0.023395007,-0.20615265,1.450367,-0.67136645,0.32409856,2.035348,1.3393711,1.2719443,0.70764476
112.0,-1.4551064,-1.701085,-0.3415056,-0.021783093,-0.7091672,0.08126353,-0.085322134,-0.15441372,-0.72863173,-1.1714658,-0.20038246,-1.4642019,-0.95355874,-1.9714637,-0.54259294,-0.44993272,-1.1200725,0.054981586,-0.6864446,-0.7570442,-0.7624811,-0.345155,-1.0615901,-1.562656,-1.3270862,-0.32621598,-0.002319417,-0.62279534,-0.14929758,-0.38501847,-0.88221306,-0.659554,-0.0905336,-1.255037,-0.93948334,-1.2298613,-0.7714058,-0.13640635,-0.09220974
114.0,0.5439263,-0.7555889,0.98665255,0.37575248,0.700652,1.2042153,0.33877358,0.43298042,0.57045823,0.31083432,1.3926778,0.07404269,0.29436088,-0.027692499,1.1990701,0.25444186,0.49614114,0.59948045,0.3301789,0.59944016,0.22419788,0.121363424,-0.058142975,-0.42505592,-1.1798522,0.5649234,-0.39601934,1.1612585,1.0978324,0.19562618,0.31645867,0.31978837,0.36768496,0.24609905,0.9690077,-1.0439748,-0.0508999,0.4125076,-0.17672807
116.0,-0.6664639,-1.0312902,-0.3085815,1.1396043,0.26447326,0.04702411,0.3771799,0.5662209,-1.5137165,-0.21557821,0.7477889,-0.27466977,1.0258068,-1.0424064,-0.2511913,-0.3600702,-0.8763649,-0.08518337,-0.15962622,-0.29197517,-0.3658437,-0.28762373,-0.5956675,-0.88568324,-1.2479372,-0.8835642,-1.0825812,0.05456401,0.67491394,0.07775005,-1.4135242,0.14612302,-0.6450022,-0.79342926,-1.0510223,-0.8476221,-0.8855011,-1.0709426,-1.6432613
118.0,-0.5716843,-0.13906325,1.2290167,1.489111,1.2945654,1.3591588,2.2128322,-0.06855153,1.3048106,0.57998514,0.5842906,-0.10291129,0.96074784,1.1566999,0.8022601,1.8126472,-0.18548639,1.1291816,0.6089735,0.028946653,0.06550863,0.5415497,-0.24932408,-0.5450727,-1.314662,1.5471511,1.2803259,2.680026,1.4478327,1.0122694,1.45883,0.27601486,0.59897816,1.0232614,0.12312103,-0.110039726,0.24022436,0.054093964,0.2662131
120.0,1.1367155,0.1689426,0.4642013,-0.5279913,-1.0713611,1.0290781,0.28731906,0.9103655,-0.77642095,-1.0803678,0.3662998,-0.3461251,-0.066767134,1.1800988,0.02452529,-0.5203354,-0.9391278,0.17324454,-0.24651359,0.42288935,-0.19186534,0.14905806,-0.1274551,0.22590783,-0.8065537,2.133283,1.5731653,1.712054,3.418976,0.19134803,1.6084297,0.9090915,-0.04457097,-0.33170256,1.1976258,0.49104297,0.8209588,1.2047123,0.75207716
122.0,1.1252059,0.31010303,0.47921237,-0.7247717,-1.0342118,0.6315896,-0.37341315,0.21630526,0.723592,-0.39819515,0.0036491319,-0.578172,0.027529852,1.298926,-0.11056622,-0.16858801,-0.3950305,0.24171925,-0.42923877,0.06611777,-0.51746315,-0.11641865,-0.06994288,0.72828907,-0.2872162,0.52477795,1.4297808,-0.2396679,1.5970018,0.5637906,0.68380076,0.7893698,1.1570214,-0.84624803,-0.29303792,0.7028978,0.24589382,0.95367485,1.3251413
124.0,2.0363064,1.1362796,0.55396575,-0.1764224,-0.32535684,0.56883377,-0.0025975811,0.41158873,0.5852661,0.4285634,0.41001937,0.07242664,-0.78702927,0.87449753,0.47144142,0.62337226,-0.28982958,0.02177344,-0.6061052,0.29141414,1.0395641,0.33489117,-0.5379444,-0.916922,-0.62459373,-0.9777966,-0.8425126,0.22462657,1.0562675,-1.3081537,0.100367814,-0.99910146,0.48959723,-0.8505665,-1.3470489,-0.40011796,-1.5280588,1.7726288,1.0559378
126.0,0.17881303,-0.42166814,0.03514154,0.9179171,0.3792226,1.2059826,0.33685085,0.6183876,0.41301227,0.98301905,0.89810705,0.5734478,1.0847355,-0.40807945,0.97905916,1.6627253,1.2432299,0.5320214,-0.7443553,-0.3040984,0.00071152084,-0.22110575,-0.4544577,-0.74175763,-0.16228785,-0.63064647,-1.2811365,0.57780474,-0.077408925,0.69028354,-1.4051126,-0.34230337,0.057884995,-0.34474838,0.25408766,-1.4844575,-1.2985942,-0.07876767,-0.7061573
128.0,0.30145884,-0.17765759,-0.39435914,1.4572182,1.4920678,0.09039899,1.1225253,1.476933,-0.2082355,1.0823369,1.195348,0.25951087,-0.25593415,-0.8480704,0.15456569,0.9233375,1.1219524,0.121711686,0.09765558,0.87457615,1.8734142,0.8851036,-0.0067853197,-1.320766,-0.91197574,1.0317519,-0.76314485,1.2582992,-0.21173105,0.18822527,-0.2626025,-0.05763566,-0.23266979,1.7125125,0.5584309,-0.30572197,-0.31558913,0.21562307,-0.766667
130.0,1.1820205,0.3400486,-0.74108666,2.0924208,1.8035932,-0.8904751,1.8407341,1.3877472,-1.3586863,0.94209087,0.026701612,0.01883143,-0.980105,-0.4921521,-0.19896811,0.30278745,-0.110920385,0.8670096,1.1848607,1.2404252,1.5151012,1.1170148,0.5308988,0.335763,-0.055223376,1.2879845,0.3817823,1.8247886,1.0470592,1.1579543,0.59472185,1.1535668,1.2380711,2.7176995,0.42173037,1.0188363,0.13547496,-0.015634254,-0.610366
132.0,1.3110964,0.95622003,-0.82633156,0.9674302,1.5095776,0.092416875,1.230678,0.82098293,0.536637,0.07603437,-0.066311166,-0.053880025,-0.29158482,-0.10167984,1.4402013,0.45588222,1.0434577,-0.6538511,0.3541386,1.2250766,0.0147576695,1.4110633,1.1540889,1.116201,0.19577894,1.2874408,1.4580371,1.0599777,0.11892914,-0.7128635,1.3412311,-0.0799792,3.4726405,1.174484,1.331414,1.1755767,0.98385787,0.75964504,-0.10920717
134.0,-0.50622696,-0.65025955,-1.4803874,-0.07259634,0.19968064,1.0060393,-1.350281,-0.24124096,-0.978549,0.13626987,0.5541352,1.0203395,-0.7842883,-0.6558004,2.2477803,0.9708209,1.3678877,-2.7047403,-1.7450098,0.47510603,-0.3946799,-0.07806984,1.4938315,1.7360148,-0.13203427,-1.5225885,-1.3652995,0.21930115,0.5845466,0.34751722,0.49545184,-0.6860554,0.037005287,-0.5945256,1.245904,-2.2955575,-0.027521264,-1.2092173,-1.5079246
136.0,-2.0905166,-1.8104769,-0.29539293,-0.38796303,-0.45073795,2.0175545,-1.0077739,0.018423626,-0.043384064,0.105726734,0.7226671,0.3760168,-0.24918725,-0.9008403,0.6317278,0.6481277,1.7045486,-1.3329298,-1.1996986,-0.19833559,-0.56072223,-0.13600439,1.1057532,-0.11537541,0.023337737,-1.9389594,-2.5906947,-0.050265037,-0.49800584,0.1786625,-0.47455725,-0.47877374,0.60186607,-0.49247235,-0.2030676,-1.8905061,0.207424,-1.9686352,-2.1200397
138.0,-0.16945626,-0.90186816,-0.28495854,-0.15494235,-0.26489177,-0.9657589,-0.03900443,-0.22881675,0.6080269,-0.38358888,0.4983807,-0.557096,-0.025935698,-0.7384345,-0.7018725,0.06519262,0.6759951,0.16142105,-0.30692062,0.20443968,0.22461748,-0.12362491,-0.28790691,-2.4032722,-0.9091522,-0.49266243,-1.4067208,-0.1237268,-0.628197,-1.0799024,0.2557799,-0.63729054,-0.5631954,0.16983983,-0.6204226,-0.31070107,-1.4257146,0.020188805,-1.3558122
140.0,-1.2467746,-1.6657687,0.16951342,-0.82201356,-1.2825594,-1.152575,-0.5391219,-1.1681345,-1.6230774,-1.4570748,-0.3051551,-1.3060381,0.022364689,-0.3646756,-2.3999748,-2.1393418,-1.1930355,-0.074927725,-0.6392542,-0.5318412,-1.4224248,-0.76346594,-2.1064994,-1.8679036,-1.0647514,-1.1041521,-0.53020525,-1.1002167,-1.124863,0.07015057,0.13819005,-0.6397299,-0.3019155,-0.08515637,-0.4370525,0.29459548,-0.91994745,-0.23205544,-1.8702377
142.0,-0.39071685,0.21977724,-0.26091868,-1.8510097,-1.5645643,-2.2409708,0.03537562,-1.1374187,-1.2555635,-1.883009,-1.3379334,-2.3507168,-1.2488875,1.0807258,-3.1517117,-3.2547414,-2.2403889,1.542415,0.87017477,0.8842145,0.6562888,0.09077535,-2.0645409,-1.6390717,-1.4590417,0.5660708,0.09121023,-0.8667449,-0.08843211,-2.091043,0.65748966,-1.1141417,2.2263381,-0.9519122,-0.39113894,2.0209377,-0.42838788,1.6328949,0.42000762
144.0,-0.8259188,-0.6829076,-0.73081905,-2.8236718,-2.6256735,-2.8665586,-1.7962503,-1.0055951,-0.7285978,-2.626274,-1.7686716,-2.2938466,-1.4858654,0.5239484,-1.8094301,-2.883026,-2.0880175,0.8872701,0.686604,0.47717336,-0.45881414,-0.098677486,-1.0999359,-0.48083004,-0.82165843,0.93422765,1.3364373,-1.6122987,0.1581424,-0.7149723,-0.07788459,-0.5032086,0.70201325,-0.9025306,0.7708912,1.9134059,0.4719081,2.08708,1.2987175
146.0,-0.39688018,-0.8001716,-0.47178692,-2.0388622,-1.82578,-1.6694043,-1.8740875,-1.0167212,-0.4489334,-1.4797462,-1.5678375,-1.3398867,-1.8256162,-1.3484852,-0.825709,-2.0382094,-1.6723135,0.903623,0.93928605,0.72932875,0.22082172,-0.37656134,0.33442086,0.49065217,-0.43770877,0.67490214,0.7863951,-1.0830756,-0.4211218,-1.446463,-0.62242186,-0.32236704,1.2411591,-0.84410733,0.43107292,0.13886341,0.89003724,1.8621347,1.6236894
148.0,0.26767427,0.43149605,-0.26045248,-0.8726064,-1.5864135,-0.36939898,-1.8387685,-0.636011,1.3284934,-0.54532045,-1.3475239,-0.04799362,-0.64670944,-0.9634315,0.2177239,-0.7305958,-1.3170159,1.1072795,0.53378826,0.29837328,0.55885506,0.24368243,0.210575,0.7757598,-0.22249821,-0.11902478,0.20437129,-1.09231,-0.8460413,-0.9370984,-0.8591108,0.56501955,0.72602046,-0.69821686,0.19702892,-1.0782549,-0.19788527,1.7912701,1.982368
150.0,0.020490691,0.41181064,1.0525315,-0.55755454,-0.70119727,0.32774812,-0.80912864,-0.05961138,0.402979,0.101917654,-0.36448392,0.56484115,0.051073577,-0.6856648,0.6895949,-1.3847485,-0.7294717,0.21426699,-0.040902805,0.80140865,0.3422833,0.8021288,-0.56504315,-0.6501118,-0.2053588,0.078806646,0.17342524,0.033360343,-1.1222074,-1.2189881,-0.4227234,-0.69812363,0.9359566,-0.26247022,-0.38856286,-0.66826296,-0.3274275,2.2357137,2.8529232
152.0,0.28676608,0.31341895,1.1107764,0.13243628,0.1588922,-0.30445188,0.20922287,0.026592126,-0.46825892,0.09345919,-0.5436485,1.1568925,-0.46655232,-0.2671495,-0.16434267,-0.9027147,-0.8295157,-1.0973693,-1.6886086,0.13576418,0.60981196,0.44049522,-0.96713406,-1.0442535,-0.39991075,0.2523938,0.337079,0.16351897,-1.4386985,-0.43781954,-0.33583164,0.3864613,0.9337763,0.9804097,0.33175027,1.0930847,0.4423419,1.7567426,2.2744324
154.0,0.03988663,-0.21286787,0.77359897,-0.18652514,0.23916154,-1.0201209,0.98056924,0.52230823,-0.29850617,0.041027643,-0.061830964,0.26499757,0.47332072,0.018745083,-0.7969072,-1.769878,-0.96779525,-2.0176847,-1.0651728,-0.6274668,0.24480638,0.6781784,-1.4401735,-0.55300367,-0.14004159,1.4111341,1.3071975,-1.1990926,-1.7795615,-0.98513657,0.4196716,0.7567903,0.73428625,1.0669764,0.029506242,2.0276828,0.7056065,-0.103222765,1.4393492
156.0,1.1353478,1.8469067,-0.15139763,-0.73488754,0.6277624,-0.3592533,0.43576458,0.78739816,-0.003444691,1.0861837,0.72812766,1.3114452,-0.056441057,0.7794835,-0.5791801,-1.429027,-0.5331223,-2.491819,-0.6478283,-1.6441021,-0.41647422,-0.1712825,0.15123646,1.5524782,1.1870102,0.7343659,0.99242604,-1.6231138,-0.6381964,-0.57237035,0.8801752,0.88976413,0.64382863,0.88911206,1.5579032,1.0121572,2.3953288,-2.2769375,0.25914368
158.0,-0.46010858,0.5914453,-1.409066,-1.0538973,-0.16735668,-1.5559518,0.19329067,0.50059736,0.31222704,0.6725131,0.37441832,-0.55360997,-0.9975664,0.15100731,-2.1114838,-0.9788363,-1.0872338,-0.19984214,0.46874136,-0.31926483,0.1912015,0.48488426,-1.579565,-0.3028856,0.6218485,-0.78858,0.19940814,-0.99852645,0.36818707,-0.12641409,1.0516309,0.564439,0.32524437,-1.2422404,-0.4748307,0.06042391,1.0464132,-1.3503968,-0.27098903
160.0,-1.016967,-0.4152707,-0.34414557,-0.2874931,0.11781868,0.09642465,0.5531412,0.4770914,1.860671,0.1602844,0.64903736,-1.343602,0.16873096,-0.863501,-1.2759103,-0.20489773,-1.1744742,1.3471781,1.569681,-0.2127332,0.492553,0.8248092,-0.7703509,-1.4388801,-0.39950898,-0.8713842,-0.33446968,-0.6142588,0.57536334,-0.681307,-0.01872845,0.8986661,0.3024758,-0.503205,-1.7975229,-1.1726794,-1.1141568,-1.1738342,-0.73654586
162.0,-1.4009821,0.10255009,-0.5681914,-0.20754841,-0.062428504,-0.1284618,0.23718217,0.03522451,0.6675285,-1.3815745,-0.3465282,-1.7114798,-0.052147843,-2.6233573,-0.8503419,-0.25396517,-1.2797462,1.24944,1.4138101,-0.08262155,0.5484994,0.57361364,-1.780283,-0.7882047,-1.4253327,-0.4729965,-0.79714817,-1.4732192,0.06668561,-0.8979763,-0.5312883,0.387891,0.2869301,-0.93728375,-0.8999836,-0.5440718,-1.6932918,-0.33415487,-1.239911
164.0,-0.35058105,0.33658788,-0.77932715,0.091427684,0.6849089,0.41480255,0.057106886,-0.5241322,-0.24291192,-1.1379051,-0.71133083,-0.82907885,-1.438127,-1.8437693,0.018245637,0.036908485,-0.5024403,0.73076206,1.3520114,-0.23248646,0.6500758,0.13848387,-0.1303458,-0.028809046,-0.76041317,-0.20287861,-0.2902949,-0.19884123,1.4844543,-0.31477547,-0.06377627,0.04899657,0.39033797,0.00610106,-0.46035674,-0.76433563,-0.46173257,0.26836854,-0.99046457
166.0,-0.4938075,-0.044114154,-0.14671597,0.5588326,0.6902067,-0.7964319,0.14037116,-0.89230835,-0.4799647,-1.8089088,-1.5922487,-1.6442647,-0.77115273,-1.7898133,-0.83233684,-0.28182384,-1.053907,1.8215985,1.0867406,0.3538934,0.4783395,0.40920618,-0.24468397,-0.6063529,-1.2817881,0.5286533,0.61520404,0.50259763,0.34102148,-0.7902643,0.5225935,-1.1329572,0.4641739,-0.98308706,-0.8185275,0.45066217,-0.73470587,-0.4612999,-0.32904792
168.0,0.5543241,1.0097278,-0.64961064,0.912909,0.8489038,-0.8650748,0.5946371,-0.12265929,-0.71101815,-0.58808815,-1.34085,-1.2400794,-0.49536178,-0.88727987,-0.38890016,0.6835689,0.07487474,1.8317186,1.5089722,0.7952941,0.1725517,0.73170507,-0.61833483,-0.28322664,-0.46079186,0.27967125,0.2150023,0.028593924,0.066433646,-1.2301794,0.15588537,-0.17826688,-0.06996283,-0.4724002,-0.6676639,-0.020823399,-0.34788567,0.38495582,0.29808027
170.0,-0.6445268,-0.81027275,0.07382297,1.0203692,0.32463357,0.16191418,0.5137081,-0.56265676,-0.34530193,-0.9079167,-1.1381757,-0.6398711,-0.155744,0.6300391,0.29106763,0.9384843,0.30417773,0.5668405,0.22471595,-0.54332995,-0.5149814,-0.010889445,-0.69240284,-0.51501083,-0.5630764,-0.23199666,-0.098289736,0.24163084,-0.8346018,-0.17976643,-0.3334911,-0.6842972,-0.51992446,-0.7738746,-0.09051898,-0.5845397,-0.55776024,-0.53554595,-0.3192846
172.0,-1.6895612,-1.1577979,-0.03176101,0.1947425,-0.10770639,0.39442623,-0.12083283,0.057551768,-1.3599097,0.90506345,0.35463408,0.38801584,0.076917194,0.13379921,1.1205156,1.2671353,1.003932,0.8313595,-0.46284962,0.7951159,0.903791,0.6824755,-0.13746314,-1.1631669,-0.52453965,-0.17598261,-1.3301073,1.6100676,1.4485316,0.6263612,1.1496145,0.4996927,-0.16380213,0.6757888,0.7471586,-1.0786971,-0.20511101,0.50137466,-0.3850439
174.0,-1.0149646,-0.08987839,0.5868042,0.42223343,-1.075095,0.53138715,-0.49462828,-0.20710362,-2.1167436,-0.52058715,0.047286514,0.5119308,0.042510033,0.68115526,1.8591263,0.8255824,0.568878,-0.838626,-0.8236912,-0.16609965,-0.18951185,-0.22889943,-1.0206325,-0.5727946,-0.84315985,-0.21263278,-0.50868416,0.82184875,1.5290886,-0.8642163,0.5272778,-0.058571953,-0.8331014,-1.3887979,-0.18316847,-0.5293086,0.21464244,-1.745164,-2.088349
176.0,-0.8408391,-0.5971584,-0.43306968,0.4017326,-0.23039281,1.0722135,0.87535703,0.3247501,-0.33992043,1.6303885,1.3900801,0.61803836,-0.3440668,-0.9609812,1.0767934,1.6008182,1.0629212,-0.25387022,0.15811211,1.0695287,0.9518357,0.225773,0.010258299,-0.71048576,0.025294578,0.50433457,-0.15345548,1.4637828,1.1027985,-0.32154554,1.2838866,0.02261097,0.64198554,0.03769547,-0.36039224,-0.7106333,-0.30062515,-0.98134065,-1.1613686
178.0,0.455255,0.3013581,-1.2104337,0.2867719,-0.42679888,0.37371102,0.71011466,1.1117373,0.13958666,-0.17722034,0.54841965,-0.5232974,0.0010390724,-0.6681529,-0.028615301,-0.09962957,-0.87257946,-0.41714418,0.38037315,0.30099523,-0.30820245,-0.11634554,-0.40019915,-0.66184443,-0.6361693,-0.4649305,-0.6253857,-0.7706197,0.4110887,-1.5009726,-0.34244886,-2.2733462,0.15688735,-0.5101224,-2.083783,-0.092750855,-1.5691551,-0.78513324,-1.245594
180.0,2.177809,1.2573652,1.3541194,0.61727655,0.7265317,0.59048545,1.0342908,0.34244636,1.83748,-0.91254634,0.44832382,-0.72296154,0.542483,1.8904333,-0.52563864,0.81464213,-0.09735893,1.6966273,1.956719,0.45581666,0.55562997,0.16487467,0.53047454,0.059911486,0.4295022,-0.21458432,0.18494293,0.27319422,0.81866074,1.4798613,-0.4992122,-1.0058612,-1.705343,1.0038185,-1.0393431,0.13890624,-0.6047309,-0.44058967,-1.018091
182.0,0.6971513,0.35066986,-0.87703705,1.0990077,1.2081522,0.113527834,1.038573,-1.0522858,0.041546334,-0.9051061,-0.6603187,-1.9679743,-1.6788234,-1.864435,-1.7724779,0.5719573,-1.6675134,1.5488105,1.4494692,-0.6244,-0.6515664,-0.63592565,-1.5358852,-1.7337898,-2.1194732,-1.3537679,-1.0527121,0.13893856,0.81372243,-0.9079021,-1.3402224,-0.40833342,-0.9594966,0.9380987,-2.0968845,-0.17331085,-1.2183359,-0.080396146,-2.2073882
184.0,-0.61838955,-0.92881495,-0.81293464,0.9155416,1.2237109,0.64378345,0.07214,-0.95258707,-0.45826432,-0.77507937,-0.06347723,-0.32309636,0.41840202,0.054666884,-0.39935136,-0.6264167,0.24610415,0.19433786,0.7481676,-0.7962908,-1.296959,-1.0513638,-0.5352062,-0.06934162,-0.3378604,-0.13289982,0.103747815,0.047776695,0.95384955,-0.51655346,-0.6607256,-0.9405096,-0.48760816,-0.55641335,-0.9566881,-0.6193476,-0.38277096,-1.2420801,-1.9200884
186.0,-0.40431577,-0.73345554,0.24498878,0.90476245,1.5823817,1.013202,1.1734705,-0.6420835,0.98940575,1.1855915,0.89785,0.5969759,0.14331242,-1.1985893,0.44420794,0.7239109,-0.08461252,0.39140067,1.4476348,0.4720847,0.13798238,0.05102748,0.6372817,-0.39093804,-0.60365266,0.18247654,-0.5989498,0.74295944,0.54332536,-0.4951825,-0.20467283,0.14158319,-0.16230308,0.73486054,-0.24602069,-0.62292343,-0.7168683,0.5279105,-0.61798036
188.0,0.076282434,-0.9224936,-0.20547825,0.48641995,1.0552684,-0.41048077,0.7946718,-1.0850655,-0.65679115,-0.73472303,-0.14344811,-0.25959593,-0.16843547,-0.97095555,0.62542725,0.27578217,0.52128536,-0.1476529,0.3284845,0.34298894,-0.32368833,-0.5162177,0.8605363,-0.5656476,-0.054492727,-1.9619092,-2.2626584,-0.056102283,-1.4632581,0.66362476,-0.43063968,-1.8048081,-1.0603586,0.30520055,-1.1764239,-1.0075495,-1.5254511,-0.58352685,-0.56548375
190.0,2.365363,0.99552923,0.36041665,0.9559874,2.3076413,0.88611096,1.5760568,-0.492905,0.55570406,0.57240504,-0.39181957,-0.33114225,-1.1996003,0.5718588,1.0443414,1.3669928,0.24976636,-0.85436696,0.22004814,1.5891017,0.38070574,0.98591393,2.0341969,-0.3267826,0.34906563,-1.0523242,-1.401752,2.1829112,-1.1878862,0.16853026,2.045921,-1.1092081,-0.20030917,2.615395,-1.0342311,-0.38622135,-0.44215947,1.7355596,0.937912
192.0,-0.5419745,-0.33569378,-0.056147717,1.5738373,0.28283936,0.52912647,1.0477402,-0.7475137,0.08665257,-0.3955062,-2.3992984,-0.12637486,-0.008458286,0.83352923,0.36736515,0.8535194,-0.9359049,-2.9391057,-2.1641228,-1.1417941,-1.4665366,-0.45383686,1.0931064,0.10400283,-0.17284769,-0.17360705,0.6690914,0.78102005,-1.1365033,-0.17210063,0.9859828,-0.91969305,-1.2565725,-0.44206426,-0.6818506,0.87839544,-0.21099989,-0.3811992,0.5700951
194.0,-1.876902,-1.2423375,-1.5036508,-0.23775853,-0.31557825,-1.4960902,0.95401895,0.7856987,-0.37094408,-0.36239514,-1.9709005,-0.9423417,-1.3996824,-0.4729325,-1.637794,-0.839493,-1.9631922,-0.448678,-1.712508,-0.40912157,-0.10561161,0.4026559,-0.24549893,-2.1422222,-1.3866892,-0.8280367,-1.3912896,0.33581957,-0.14370184,-0.8330989,1.9972873,0.02469642,-0.052302204,-1.271851,-1.3716269,-0.11455023,-0.9699355,0.4096236,0.6490043
196.0,0.081633806,-0.5379199,-0.9692413,0.48763046,-0.034623343,-0.8927677,0.8658504,-0.27505523,-0.48147893,0.1306545,-1.4013362,-0.93721575,-1.5401422,-0.58281446,-1.150626,-0.99869764,-1.1344465,-0.10743086,-1.066741,-1.0747355,-1.1042812,-0.8522896,-0.4970857,-0.9238694,-1.12064,-0.6928007,-1.5337124,-0.2849107,-1.0417391,-0.47199968,0.14185253,-0.7949989,0.32785153,-1.0283004,-0.9599926,-0.27228445,-0.88424146,0.61260563,0.1649073
198.0,0.26906005,-0.86637723,-1.0667324,0.0148587,-0.0863391,-1.3358244,-0.19329107,0.5321694,-1.0787767,-0.53085226,-1.1436064,-0.56871414,-1.1907886,-0.030271372,-0.4281792,-0.74975187,-1.0033164,0.18980809,-0.28757298,-0.5933381,-0.25078988,-0.09613754,-0.5326148,-0.52491546,0.04054892,1.3426498,0.6252291,0.30163577,-0.39386925,0.06673057,0.7482731,0.7029919,-0.5654624,0.14377515,0.959084,0.58079505,0.6046243,1.1517314,1.2471023
200.0,-0.2703087,-1.5128549,-0.23710579,0.101899706,0.38647467,-0.31344756,-0.6096389,0.116850026,-1.094587,0.047289584,-1.0106624,0.5123363,-0.58469206,-0.027705193,0.8528305,-0.5776716,-0.10544658,-1.595947,-1.3116452,-0.4196496,-0.30211276,-0.5022962,0.79712796,0.13437925,0.29932332,1.2176678,0.8248203,0.34004754,-0.28658524,0.07127833,-0.60140055,-0.2089949,-0.54841965,0.8489056,0.47528544,0.549292,0.3227927,1.8843536,1.0167755
202.0,-1.1164215,-1.6264858,0.84766394,-0.7286173,-1.1732447,-0.5453369,-0.7938364,-0.22747062,-0.5712444,-0.44199988,-0.14630796,0.09700863,1.0875074,0.54559255,-0.09644101,-2.0721555,0.8475104,-1.6033038,-0.96714336,-0.66934526,-0.24161799,-0.8333789,1.4434749,1.6195575,2.0310144,0.5531456,1.1206602,-0.5485166,-0.78504395,1.5275395,-1.7334951,0.98456526,-1.3453206,0.24376693,1.3491741,1.1653684,1.3185254,-0.1954272,0.05437077
204.0,1.4500091,1.6365639,0.81898814,-1.0445489,-0.805143,1.8163307,-0.9576229,0.20644817,1.2714676,1.9153504,1.2518978,1.4710214,-0.6755949,1.0094209,-0.92376333,-1.204278,1.6817515,-0.84435403,-1.3821112,-0.60584056,-0.61273825,-0.5930047,2.6559126,3.105967,2.112782,1.2524393,0.8682338,-0.7537428,0.75414324,1.5714717,-0.5850501,1.6983544,-1.0924755,0.07390652,1.8798969,0.7538225,3.081374,-0.46877632,0.6508359
206.0,-1.1678125,-0.23884799,-0.9742257,-0.91959006,-0.74161625,1.3720787,-0.87268513,0.7272607,0.7498004,1.0321118,1.6282345,1.0632409,-0.045312185,0.49223748,-1.0291618,-0.38008672,0.8958095,-0.32699868,-0.6555839,-0.012751257,-0.66092664,-0.2336604,1.5338598,1.6099272,2.1610897,-0.7943686,-0.30935988,-0.71482265,-0.7084763,1.2669355,-0.28083587,0.95189863,-0.5172825,0.11757101,-0.09764165,-2.3809352,0.67691106,-1.2553924,-0.090714216
208.0,-1.6701657,-0.6900689,-1.1886609,-0.8581382,-0.13316919,-0.15102592,-0.4049938,0.55312866,0.09739002,0.71330905,0.6660058,-0.2103462,0.71085244,0.21344814,-0.4199115,0.48337975,-0.5838269,0.4986205,0.4207204,1.618584,0.36060563,0.84989876,-0.80679667,-1.52452,0.16717331,-0.7768752,-1.2216647,-0.0014721691,-0.15305549,-0.37556213,1.3430865,-0.13555753,-0.82757294,0.30195078,-0.10696196,-1.2088661,-0.6743432,0.9907197,-0.062111087
210.0,-0.09350624,-0.82947004,-0.24661854,-1.3826895,-1.6854593,-1.214318,-0.33902562,0.094831936,-0.71468496,-1.1853973,-0.4541402,-1.3510658,0.42265183,0.35167295,0.27883157,-0.24538472,-1.5188556,0.47653216,0.30461875,1.5848199,1.419552,1.5048947,-1.7571405,-0.90273446,-1.2289124,0.49527487,0.6585041,0.38836166,1.1921402,1.1705997,1.7579906,1.2692865,0.12301772,0.33019987,0.50143015,0.53122306,0.4683729,1.3984466,0.28384
212.0,0.24385108,0.54545265,0.016457167,-1.5560441,-1.5205477,-0.6844193,0.23179807,0.37089851,-1.2804396,0.7641137,0.98587805,-0.8803936,0.58423686,-0.10310835,-0.44806525,1.1172104,-0.18909433,1.1102926,-0.15282868,1.5843056,1.6982423,1.3845578,-1.4372346,-0.08820331,-0.600556,0.4609138,0.43609175,0.67397773,1.1813259,1.2369393,0.9251831,1.0154479,1.5992316,0.68942523,1.1695092,0.2829237,0.8849199,0.8195269,0.26489845
214.0,0.82601154,0.27505967,-0.6894174,-0.9150914,-1.8506408,-0.7578008,-0.86899406,-0.21693967,-0.942734,-0.4480014,-0.6326302,-0.45763502,-0.44235367,-1.8381925,-0.40947947,0.23598073,-0.451795,0.024977958,-1.4955286,-0.038632516,0.42113525,0.13602982,0.61620843,0.5827454,-0.5907411,0.471412,1.0675212,-0.09950094,0.749596,-0.45793918,0.27585408,-0.48741263,0.0037761456,-0.88270384,0.60559255,0.8233964,0.48367158,0.08011365,0.13645066
216.0,1.1013995,1.1675689,1.1545496,-0.9170387,-0.28306955,0.1283373,-0.052043956,0.8144754,1.4064363,0.8864489,0.7444162,0.86866415,0.44819608,-0.14467996,0.013337368,0.08519506,0.55540746,0.6098953,0.047263518,0.9837523,1.617657,1.1928549,0.91736645,0.21755897,1.0842907,1.684303,1.7225763,-0.27299908,0.43028998,0.1056412,1.4672964,1.1219496,1.4443339,0.61548775,0.27192616,1.0609841,1.0751449,1.0017236,1.3223392
218.0,0.95019835,0.37421212,1.1733948,0.3105129,0.9056212,0.49342322,1.354234,0.99529284,0.07112264,-0.6195316,0.32370317,0.26165196,-0.14002745,-0.07203962,0.87097067,-0.71473646,0.72642404,0.54931307,0.9095881,0.88807905,1.3006998,1.0872803,0.23040129,-0.12362975,0.35729498,0.8376317,0.7815264,0.16626458,0.30707857,0.14725032,1.0178651,-0.14115581,1.3528553,2.4969263,-0.47473305,1.380708,-0.3412329,1.0458808,0.46390226
220.0,0.21876045,0.20464803,1.3340988,0.20369779,1.197612,0.10330911,0.9146372,1.0454819,1.9270244,0.4656683,0.30294123,0.05761989,1.1030673,2.2472715,1.3656125,0.7636955,1.3375446,1.4431976,1.9283122,1.195318,1.1358774,1.3490689,0.33610553,0.5316008,0.84529805,0.28022242,0.56460613,0.6604503,-0.9499929,0.7964371,0.15140025,0.80204916,1.7081225,1.2668855,0.17275457,0.87160444,0.28641322,1.4728718,1.7339001
222.0,0.63320875,0.3031005,-0.046645623,-0.13118243,0.065726936,0.43207934,-1.0333244,0.72616595,1.9135114,-0.47689053,-1.0302851,1.1119503,1.8096831,3.1589515,1.7868466,-0.1761574,1.0387222,-0.84876984,0.008555751,0.065700464,-0.88726217,0.24516158,0.7707295,1.6919934,1.5938936,1.1825829,1.344021,1.1473374,0.28582445,1.2761883,-0.37829036,1.4618248,0.5920996,0.47512376,2.4231315,0.78733504,1.139056,-0.44844207,0.32752103
224.0,-0.45295295,-0.97011495,-0.108940445,-0.8592272,-0.0552081,1.1117102,-0.9284969,1.2263808,2.0030158,1.2257332,-0.28157592,1.5927026,3.2728915,2.368835,0.3282677,1.1075939,0.65381974,-1.1816128,-0.27071437,-0.38860652,0.43702516,0.20686784,1.5225207,2.6528409,1.8145535,1.515432,1.6894133,1.5226632,1.1332468,2.212316,-0.71060544,1.4306585,1.453766,1.5247386,2.0539026,0.8085978,1.7306676,-2.757598,-0.36425278
226.0,-1.8554491,-2.37551,-0.6867931,-0.08712762,1.1294788,0.98713094,1.0730808,-0.058434296,-0.8211312,0.03880315,-1.6613837,0.5532558,0.7771499,0.1497454,0.87918276,0.9996458,0.3854202,-0.61237484,-0.58464366,0.1709886,-0.3742855,-0.33055255,1.3976865,1.5720114,0.88893586,0.32651326,0.23726246,1.7309735,1.0268875,1.5226625,0.5376404,0.7237645,-1.5640719,1.7081622,0.80374604,-0.52857774,0.9321123,-0.8331493,-0.86550313
228.0,0.1988859,-0.5167566,1.6233515,-0.7124173,-0.6509224,0.51226234,-0.7354919,0.6425936,-1.0505005,1.7116079,1.3811547,1.0667485,1.2811079,1.3599042,0.06371639,0.45460835,2.3265843,0.1852402,-1.4073082,0.5974353,1.0872512,0.47692364,0.9362366,0.9298021,1.8501912,0.27051353,0.13630888,1.2013472,1.0916294,0.094844244,1.5918305,0.97687304,-0.5398892,0.13026933,0.30587417,0.42644677,1.3768475,0.43660787,0.12109657
230.0,-1.0802729,0.14506903,-0.97534776,-0.6917692,-1.0314823,-1.9313163,1.1270947,0.649058,-2.0357618,0.555524,-0.18152247,-0.73813075,-1.4500686,-0.66503036,-1.2195321,0.0784194,0.27526364,0.5236374,-0.40861014,-0.20442976,0.61116034,0.15334898,0.69850785,-0.34476358,1.473202,-0.33692715,-0.5936909,-0.19908877,-0.8655155,0.88377887,1.0135369,-0.23780762,0.012928661,-0.5858718,0.5241368,1.2301502,0.691328,-1.0280695,-0.9157017
232.0,-0.8653045,-0.06237646,-0.03611004,-1.103043,-1.0079057,-0.12123885,-0.012087154,1.1005328,-0.2578276,0.77921766,0.45762175,0.13686275,-0.16267142,-0.00352032,-0.05077389,-1.0125262,0.97186494,-0.010824566,-0.104191676,1.6429874,1.5996176,1.273585,1.061987,0.1383569,1.7455169,1.7566735,1.1450847,0.15843157,-1.1043439,1.4619104,1.657898,0.36691403,0.77067596,-0.70258343,2.5240817,1.7328267,1.6114459,1.2028861,1.4688436
234.0,-0.42979634,0.77025056,-0.38204694,-1.740123,-0.99262464,-0.14965163,0.26585495,2.2995512,1.0680097,0.9126608,-0.08118369,0.57571125,1.1686425,0.25228572,-0.31509593,-1.5640819,-0.078730084,-0.58789563,0.65756696,1.610901,1.7648433,1.8640968,0.41169342,1.2642974,2.3342812,2.0734255,2.0829153,-0.87594527,-0.7599708,1.9796256,0.6877796,1.1897798,0.11462237,0.632131,1.2954783,2.127062,1.7194548,1.1849217,2.1358755
236.0,0.7500026,0.6568791,-0.56576794,-2.314817,-0.80541766,0.9153808,-2.2310982,2.4547155,1.0936592,1.206692,-0.08040848,1.2602621,1.3119997,0.2883123,1.3013116,0.2770619,0.7840145,-1.369458,-0.37558788,1.5141999,0.08022173,1.6224729,2.1977704,2.2737126,2.3720508,1.9856801,1.5556965,-0.0918415,1.0460178,2.82868,0.6196381,1.4250327,0.30082846,1.0209383,1.3359747,0.09005351,1.8966694,2.1359265,2.3795292
238.0,0.9626147,0.12327003,-0.72889405,-1.5905901,-1.3471661,1.1776005,-2.254785,1.3681886,2.2518156,0.8567052,0.44994408,1.0185132,0.39695314,0.99532014,1.2508942,0.816233,0.72721833,-1.4965148,-1.5775964,-0.002531723,-0.54829735,0.3709712,1.8980091,2.170858,1.371747,0.8037705,1.0443254,-0.45125166,0.87540543,1.5606679,0.06524796,0.58483493,-0.62003297,-0.83269733,1.8435806,-1.0010824,1.9032711,0.08558395,1.3957756
240.0,0.40603092,-0.3330538,0.41137713,-1.5768589,-1.3246963,0.47145894,-2.2658772,0.8543022,1.292637,-0.05512632,0.6805931,0.19936542,-0.10370729,1.0405023,0.075451694,0.2192851,0.9216925,1.0053617,-0.88506866,1.2229824,1.1329476,0.7231497,1.0006894,0.6010264,0.94958633,0.4737468,0.35557395,0.5740225,1.3977901,2.1696715,-0.07516208,1.4599087,0.75916106,-0.2935044,0.9690602,0.7046391,1.6662084,0.7566924,2.0822814
242.0,-0.38382375,0.46095783,0.43328092,-0.8551281,-1.7037916,-2.0958643,-1.3215038,0.17641069,1.0870992,-0.3330016,-0.74954635,-0.61100215,-0.3569284,1.0383902,-1.003052,-0.08488115,-0.44306487,0.624539,-0.61962867,-0.124759115,0.35704485,0.30878907,-0.5698144,-0.8051304,-0.35596058,0.019989338,0.3408287,0.24082862,-0.10626578,0.4361721,-0.5755126,0.42870155,-0.2817723,-0.92726344,0.069742285,1.8952452,1.0171479,-0.084653504,0.41765285
244.0,0.7169281,0.029904786,0.99023706,-0.48076195,-0.6681321,-0.2592493,-1.5866693,-0.62881994,1.5505415,-0.93865395,-1.0903497,-0.783347,0.13346104,0.7272844,0.84710777,0.91068673,-0.20865223,0.61290306,-0.048324257,-0.49759316,0.12666404,-0.5072335,-0.35914934,-0.0050440594,-0.13517018,0.27001056,0.83644277,1.5530701,1.1627272,2.0002477,0.3321648,0.6884122,1.6358534,0.17334394,0.7487401,1.3827335,0.6672472,1.4291914,0.46922368
246.0,1.6919287,1.002612,0.6731666,0.29098085,0.26591158,-0.40253878,0.18573995,0.3957409,1.4758214,0.123541474,-0.2484205,-0.42653334,0.39556396,0.6451848,0.07169412,0.66153723,-1.4554726,1.9406909,0.8610047,0.8731827,1.4809105,0.7409936,-0.06431746,0.18641724,-0.13481623,0.63260996,0.65494305,2.1490304,1.5260963,0.38102958,0.8309809,0.76184136,0.35735533,0.41501692,-0.94080645,1.2601438,-0.87023944,-0.09859607,0.2858807
248.0,1.2067248,1.0125916,1.0867862,0.52521795,0.64473534,0.11709353,0.71064585,0.66468775,0.51853037,-0.5541648,0.16280897,-1.0321264,0.19589783,0.70033437,0.04148026,-0.02040233,-1.1081171,2.5090628,2.3045096,1.8549538,2.7153127,0.913702,0.12868713,-0.46841186,-0.61691177,1.3174264,0.72989357,1.3710258,1.2956053,1.1688704,1.0449107,-1.349477,1.5551871,0.4031041,-0.9100838,1.7297475,-0.54786855,0.13304064,0.1884028
250.0,1.1244261,-0.40784854,1.2130734,0.16626349,1.5810965,0.13905168,0.9316682,0.42354843,0.57150936,-0.21819812,0.57792825,-0.9848002,-0.507827,-0.4096846,0.84968525,0.6471346,0.13432573,1.1399326,1.3758174,1.7082126,-0.031607844,0.5652235,0.28501958,-1.3589972,-0.8171431,-0.14726101,0.08639468,-0.6518233,-1.2351094,0.44114807,1.036318,-1.8443809,-0.1805767,2.1022797,-0.9784532,0.90365756,0.059935678,0.3485198,-0.5907343
252.0,0.4124764,-0.43151745,1.0034789,-0.72308594,0.9133455,-0.5974903,1.3381106,1.1060383,-0.55518925,-0.1052502,-0.34712481,-0.35809743,0.3847523,-1.8289233,0.93814385,-1.7252698,-0.42941874,-0.4370287,0.9172854,1.2973808,0.54030776,1.2660621,-0.18918937,-0.4536278,-0.721534,0.85208654,0.32436585,-1.7890971,0.021525433,-0.23008756,-0.6864792,-1.2146784,1.1220229,1.8598242,0.43643963,-0.013698833,0.06465068,0.21757078,-1.3855404
254.0,0.038049277,-0.5494533,-0.10610447,-0.50076205,-0.3237273,-0.42853105,0.5530794,1.7421541,0.118502885,0.17157099,0.2904817,0.38484505,0.6199121,-1.5623951,-0.32793415,-1.9471421,-1.0090454,-2.009293,-1.1742183,0.6543653,0.23775955,1.4235026,-0.07235826,-0.15225333,-0.61855054,1.5725384,0.862346,-1.224202,-0.14085752,-0.2581119,-1.004788,-0.47466704,-0.19473794,1.4075003,0.2725061,0.578152,-0.2636513,0.8354666,0.7947541
256.0,-0.34128112,-0.8625148,-0.44172794,0.5376906,0.41335505,1.2666867,1.3070779,0.8834185,0.550477,0.402778,-0.89657307,0.7065038,0.3917296,0.6699894,-1.242193,-0.1436126,-0.4041467,-0.022981128,-1.1207216,-0.37615383,1.2284656,0.72729564,0.32538286,0.16749494,0.45926657,0.8904506,0.8449832,0.14945741,-0.067351386,0.20198126,-0.38311782,-0.4297936,1.0161241,1.9487748,-1.5171491,-0.2912097,-0.54044026,-0.056696013,-0.324526
258.0,0.6969785,0.051955856,-1.2946332,1.0395094,0.98181003,0.6472794,1.8421574,0.06654251,0.6636316,0.6281898,-1.0762883,-1.0248376,-0.30630162,-0.53076667,-1.6659492,0.12447737,-1.3985937,1.2137581,0.8533979,0.005763869,-0.80045205,1.2323245,-0.62901485,-1.1312053,-0.49542627,0.3012788,-0.040900756,0.65437603,-1.3042291,-1.4778657,-0.28938046,-0.4485169,0.7154309,1.5590127,-0.13991319,-0.75625527,-1.003932,-0.16194107,-0.88210386
260.0,-0.010170649,-0.18130535,-0.6717378,1.3675913,0.9849434,1.5041825,1.9502331,-0.70962584,0.18195178,0.6977975,-0.20119947,-0.6444593,-0.27355388,0.027288724,-0.7771841,0.61169106,-1.2213501,-0.12542601,0.63449347,-1.0748118,-1.9569263,0.10019295,0.040290467,-0.3797113,0.285786,-0.60642886,-0.42350408,0.85876215,-0.47506532,1.2762002,-0.35793585,0.89673394,-0.09369897,2.082862,-0.9672553,-1.064269,-0.41968617,-0.9452099,-1.855774
262.0,-2.0422988,-1.100995,-1.1903838,0.64025193,0.29647365,0.3248593,1.5214258,-0.83185554,-0.20361926,0.6727206,-0.12685804,-0.50656235,-0.069660634,-0.7111913,-0.65250975,0.029438242,-1.2715315,-1.3797926,-0.037178963,-1.0785316,-0.9101408,-0.5147935,-0.6428119,-0.25432715,-0.2861765,-0.59067243,-0.142579,0.88591015,-0.5223953,-0.86946106,2.0085876,0.32574892,-0.051662955,0.4415296,-0.97380143,-1.6562568,-0.6606735,-0.6755998,-1.6039851
264.0,-2.0383828,-1.2242509,0.08714577,0.98762935,0.69144917,0.53600395,1.0869495,-1.0334864,0.14893413,0.7376032,0.5493124,0.44870034,1.0628958,0.1496748,-0.33436158,0.7171891,-0.14461367,-1.2689626,-0.5384169,-1.0357627,-0.8845163,-0.7911932,-0.4723764,-0.7466661,-0.01127171,-1.0699015,-0.7024251,0.059283376,-0.9658147,0.4670213,0.68680865,-0.2648027,-0.018745063,0.3848009,-1.2057197,-1.2911661,-0.7057708,-1.2224656,-1.8210822
266.0,-0.69038266,-1.2003418,0.07007711,0.46608955,0.1100678,0.038954377,1.096449,-0.83734316,0.89648575,0.7508625,0.42833784,0.33832577,0.8191293,0.24298123,-0.0033391465,0.27628464,-0.84175754,-0.69497234,-0.5166271,-0.36054552,-0.40249565,-0.36394054,-0.74727607,-0.6481525,0.006249307,-0.48559004,-0.19342372,-0.8278317,-0.2677609,-0.21139044,0.5186051,0.55447155,-0.23389174,-0.56571794,-0.40089172,-0.371533,-0.38450286,-0.2809455,-0.2061007
268.0,0.22697978,0.7465731,1.1200784,-0.0015920411,0.33362505,0.91019887,0.025044037,-0.9794644,-0.10415551,0.33170277,-0.33343732,0.11385045,1.709814,0.8932559,0.45166188,0.10935716,-0.56461275,0.2460518,0.4755411,0.10565769,-0.5270424,-0.39076906,-0.22260888,-0.557526,0.117701426,-0.09701008,-0.51605093,-1.7017251,0.15360911,0.082181714,0.050955728,0.4035137,0.08714448,-0.03935121,-0.6953241,-0.70279956,-0.5082284,-0.22007112,0.43728653
270.0,0.8162895,0.79316056,0.5243846,0.06858482,0.32149473,0.92471325,-0.36350882,-1.1332955,0.13007465,-0.9205738,0.5698676,-0.9306133,-1.1192405,0.06990953,-0.725681,-0.841057,-0.858701,1.3774574,1.9635103,0.49683172,-0.46057472,-0.24118496,0.026818445,-1.5669959,-1.1613624,0.98585075,-0.009983924,0.027245166,1.4396528,-1.0636307,0.26724458,1.2333058,0.4455452,-0.28936994,-0.95902544,-1.2731334,-1.2229921,0.34549895,0.5527359
272.0,1.9067107,1.3957851,0.16247416,0.037588693,-0.42051545,-0.908704,0.41962716,-0.27345815,0.27689663,-1.81827,0.34438583,-1.6671342,-0.79310375,0.5770154,-0.8901369,-1.1500127,-0.23004268,0.5763563,1.6409396,0.4410602,-0.5297074,0.23187426,0.25202012,-0.93526036,-1.2210219,1.4104251,1.1601983,0.07754664,1.8211359,-1.1922853,0.77545595,1.1734645,0.95443577,-0.5495936,-0.5148377,0.55457914,-0.1124639,0.41802332,0.0014216211
274.0,1.8188986,2.0781922,0.4141692,0.18826076,0.99362797,-1.0517032,1.2505491,0.71184874,2.0517936,-0.12437599,0.6031139,-1.0047286,0.20652682,-0.12562652,-1.184782,0.5822627,0.21177964,0.93366593,1.6525894,1.1230625,0.5880782,1.4157919,-0.3529568,-0.98306525,-1.1365474,0.13375308,-0.015792433,0.86494136,-0.11105457,-0.4757234,0.4829084,-0.1391616,0.032539938,0.8913596,-1.4961313,0.19242845,-0.7332796,0.7450209,-0.3049309
276.0,-0.10222254,-0.18403806,-1.0557888,1.5911516,1.174858,-0.34835643,1.864669,-0.016192181,-0.49227563,-0.36947274,-0.08704322,-0.42434204,0.074842684,-0.73989946,-1.068483,-0.7212276,0.209585,-0.27631384,-0.7546799,-0.08381849,-0.16480456,0.006560379,-0.8570891,-0.49406,-1.012082,-1.1746424,-1.3048326,0.78356016,-0.4088058,-0.8704101,-0.5667651,-1.2963808,0.12651339,-0.7655899,-1.756398,-1.3321886,-1.9451905,-1.5213128,-1.9714015
278.0,-0.0070395535,0.020611124,-0.93296933,1.4274291,2.6312215,1.0382696,1.8862945,-0.2582559,-0.5310122,1.3506571,-0.053936936,1.2425035,-0.59202504,-0.9264277,0.6308117,1.100772,-0.04195353,-0.39969972,-0.45160115,-0.14845674,-0.4585688,0.39649716,-0.10151122,-0.173526,-0.17378488,-2.0384195,-2.5344074,0.6769408,-2.53807,-1.6093417,-0.2129856,-1.5600489,-0.15125108,2.0093653,-1.5043492,-1.8459123,-1.2009981,-0.26425722,-0.5395846
280.0,1.2613888,1.7908127,-0.5387638,0.6975573,2.4261816,1.145585,2.5308123,0.001999566,-0.2926711,0.4574914,0.16405739,2.0333958,0.32388228,1.0662078,1.4207836,-0.7463592,0.12280227,-1.8001697,-0.14539836,-0.06172922,-0.4867777,-0.06697193,1.2401172,1.2540532,0.9597108,0.78405327,0.9848953,1.3057591,-0.079735525,0.8524379,0.8159674,-0.62437916,1.635298,1.3474797,1.2151656,0.9727288,0.8359905,-0.13943788,-0.9240268
282.0,0.34022582,0.40652725,-1.8152894,-0.48547843,1.6852404,1.8206855,0.46274662,0.9703346,2.02961,2.102278,1.9405642,1.9173721,2.4028013,1.5606904,1.3120632,1.1157241,2.0168548,-0.32388446,0.71806234,0.95174414,0.95271873,0.7853413,1.870938,1.706404,1.8693557,1.6988782,1.1589613,1.5442547,2.1562886,1.2464498,3.0217164,1.7117447,1.852818,1.3289067,1.3400261,-0.23384151,1.6389294,2.0489721,1.3504636
284.0,-1.0575335,-0.2999599,-1.6504582,1.3750222,0.3905005,1.9028964,1.3772649,-0.85881984,0.30201784,0.007499652,1.2748542,0.36727378,1.4494256,1.1068324,1.7591443,1.3661824,0.5893006,1.3296399,2.7869077,-0.34686399,-1.213139,0.017889712,0.33404177,-0.59791595,0.3207829,-1.209351,-1.1955432,-0.26812923,1.3923066,-0.12291225,0.25770646,1.0236472,-1.4327478,-0.39333978,-2.0697563,-0.72972286,-1.3163545,-0.7144256,-0.17760825
286.0,-0.85207224,-0.4960599,0.781629,0.6205778,-0.91026443,0.68083453,-1.1548194,-1.1504765,-0.32604623,-0.7587839,1.0781822,-1.1445692,1.3379,0.37246108,1.4155214,1.7036599,1.3915107,2.7158437,3.4981115,-0.18506947,0.008982598,0.3356246,-0.67836565,-1.431356,-1.2247355,-0.40836138,-0.41957575,-0.02174266,0.786833,-0.17307521,-1.227001,-0.44027928,1.2172924,-1.5319525,-1.5325513,0.25034004,-1.1198388,-0.9604053,0.22785555
288.0,-0.78464794,-0.6777414,-0.49869713,0.91657305,-1.0593759,-1.3957944,-0.3682658,0.0058586183,-1.4060163,-1.6326318,-0.08123548,-1.775609,0.036050335,-2.878588,0.2568944,0.52019346,-0.85592186,1.3588846,1.8983507,0.32768583,0.9451413,1.0953732,-2.3535404,-2.156483,-2.8796966,-1.7106863,-1.2545772,-0.2010478,0.3172845,-3.4292066,-1.1444726,-1.624468,-0.4809677,-0.3429046,-2.5688019,-1.014558,-2.7451236,-0.7360052,-1.1952028
290.0,0.060947645,0.41496673,0.69874954,-0.010259255,-1.0688587,-1.6798689,-1.2804824,-1.3243985,-0.22330208,-2.4497108,-0.2085009,-0.9390205,-2.0445814,-0.5457853,-0.87671304,-0.34843034,0.6352171,-0.5895003,-1.3659371,-0.706044,0.3115492,-1.1525344,-0.7403528,0.6194614,-0.3284875,-0.21073063,0.20822798,0.20963371,-0.5312001,-0.64711857,-1.2400371,-1.3198258,-0.7345308,-1.2132267,0.18984564,0.7529059,-0.045122195,-2.1982486,-1.8728533
292.0,1.2861912,0.7701027,-0.5832969,-0.6491659,-0.7210817,-2.1939943,-0.9587854,-0.42411208,0.5054459,-1.1565652,-1.0774359,-0.74936664,-2.449508,-0.16897018,-1.8537425,-1.0631748,-0.30813262,0.44176355,-1.9129919,-0.3982503,0.40082514,-1.0691125,0.6228072,0.7695203,-0.2185346,1.2888818,1.0315598,0.49186137,0.7510611,-1.2048703,0.8055489,-0.3388383,-0.9316159,-0.058042765,1.419281,1.2167834,1.0856086,-0.17123544,0.4033329
294.0,-0.5219553,-0.82403505,1.1778241,0.27831498,-0.42057624,-0.8492937,-0.020211956,-0.9665166,0.9804829,-0.10860742,-0.8147078,-0.575634,-0.6618532,0.96831334,-0.9833215,0.5202758,0.5379659,0.90873045,-0.62285995,-0.4034973,0.5933673,-1.0303193,1.2192662,0.9858035,0.2057977,-0.061124068,0.014394537,-0.25860676,-0.83874816,0.6889263,-0.51414806,-0.35879833,-0.7914452,-0.44452396,0.16741216,0.34371874,-0.29053244,-0.43917456,0.45060968
296.0,-1.7932863,-1.8421472,0.69118845,0.050549477,0.22550517,-0.1872013,-0.41268244,-0.23513031,0.087500684,0.2411685,-0.8296464,-0.37605476,-0.76826817,1.115418,-0.15025952,0.86912495,-0.6365439,0.48393434,-0.5529976,0.15474318,0.4203236,-0.28608578,-0.8850668,-1.0920594,-0.40422857,-2.0392718,-1.5199808,-0.32005635,-1.1024289,-0.8687257,-0.9270503,0.016631635,-0.5035627,0.45139667,-0.925223,-0.81581974,-1.336723,-0.15049934,1.358893
298.0,-2.4014616,-1.7180915,-0.7047065,-0.041416958,-0.5116758,-1.344008,-1.590909,-1.5345298,-2.2880821,-0.7582995,-1.07528,-0.6569781,-0.9098088,-1.6386601,-0.67554873,-0.07495898,-0.8160611,-1.4440179,-1.625665,-1.5770375,-1.2359229,-1.8451476,-2.400505,-1.2868673,-1.194667,-2.9172907,-2.0669427,-1.3675708,-2.3699164,-1.563619,-1.996482,-1.5033426,-1.4531871,-1.9555271,-0.11230461,-0.75473624,-1.2699,-1.0474166,-0.58928293
300.0,-1.7043203,-2.405865,-0.678973,1.3503784,0.41978523,-0.9885479,-0.13710739,-0.3350842,-1.754602,-1.1116465,-1.1338202,-1.5280907,-0.87377965,-1.793592,-1.4631641,0.10389577,-1.7039526,0.738665,0.55631846,-0.74563533,0.0019996879,-0.6428663,-1.5080873,-0.47622883,-1.6818433,-1.8228146,-2.2780902,-0.51205826,-0.47171634,-2.5302317,-1.8094263,-0.4968111,-1.9771514,-0.8366844,-0.08301179,-1.8057991,-0.6847675,-1.8119016,-0.31307155
302.0,1.2189573,1.3535831,-0.50679916,0.8933076,1.0876745,0.47828957,-0.62966794,-0.28444177,-2.1484442,-0.9314008,-0.7486249,-0.0065524285,0.11607446,-0.65843266,0.67859733,0.42476737,-0.5556708,-0.50673443,0.45336995,-0.7258761,-0.66797584,-0.6113434,-0.4916755,1.17271,-0.41757515,-0.7451316,-0.21562153,-0.1996567,1.0820608,-0.40374875,-0.859028,-0.22358379,-0.93511724,-1.8273475,1.2748356,0.15330383,0.22678755,-0.5017149,-0.24599092
304.0,2.060029,2.084807,-1.068959,0.9355875,1.0886935,1.6381837,0.6058799,0.3291316,0.31709337,-0.065362275,0.13273498,0.07485476,1.1446185,-0.41452459,1.2971307,0.7121522,-0.5939878,-0.033940557,0.9426747,-0.11210093,-0.8647215,0.34500623,-0.3448047,0.3914674,-0.8067383,0.46633834,1.1851219,0.3465037,0.94979095,-0.30614078,0.14038743,1.0625889,-0.312292,-0.9463182,-0.9318263,0.10473581,0.1433874,0.68797016,1.2896638
306.0,0.2968757,0.93833095,-0.9152973,2.1582434,2.3311865,1.8963811,0.6144063,-0.0003741446,-0.9220914,0.59897006,1.0218284,1.0485166,0.4916865,0.024423918,2.2258222,2.2926264,1.4147002,-1.3878238,-0.7824572,-1.7508627,-1.8876604,-1.5124394,1.74867,-0.5098342,-0.3380791,-1.2452871,-0.7218303,1.3630977,-0.15699333,0.5757326,-0.29907876,-2.1376734,-1.3185685,-0.8832292,-1.5831456,-0.95620704,-1.7906114,-0.079524145,-0.65600115
308.0,-0.69859916,-1.7559279,-0.47413096,0.1895091,1.2599717,-0.017707141,0.13400154,0.35575965,-0.5441232,0.21355584,0.1253241,1.0063359,-1.1036855,-0.14062518,1.0273865,0.5207747,1.8000728,-0.52197194,-1.5424049,-0.8836681,-0.9955014,-1.2595956,1.7012479,0.41818368,0.7343931,-0.1048774,0.008865486,-0.7178813,-0.038517978,0.78362966,0.02028363,-1.1304455,-0.43728235,0.7497688,0.6478539,0.28912184,0.124125525,-0.27578774,0.22598204
310.0,0.2189971,0.2456766,-0.24073735,-0.2742914,-0.954575,-1.0014836,-0.21751195,0.7218191,-0.34473962,-1.9723626,-0.6935993,-0.62465423,-1.6200299,-0.0013378201,-1.8201343,-2.6982744,0.81565464,0.1307876,-0.751244,0.39747125,0.1504734,-0.037757557,-0.103061385,-0.38139996,-0.016502626,0.3617852,-0.26984844,-1.2490935,-1.3632323,-0.38077685,-0.40832508,-0.57218844,-0.5695502,-0.87899584,0.2914048,0.10221013,0.2435966,-0.26232964,0.5579321
312.0,0.41331398,1.5387188,1.139182,-0.091378756,-1.3484318,-0.17174555,-1.1807563,0.3175384,-0.2579729,-0.5722461,-0.7785295,-0.18101569,-1.4226904,-0.3788078,-1.5637306,-1.0482929,-0.24338047,-0.0112443855,-0.18987863,0.29644895,0.43030357,0.12775694,-1.477103,-0.5814987,-0.74458647,-0.8652452,-1.5833827,-1.8718848,-1.1263556,-1.9854659,-0.87519854,-0.017329708,-0.57855123,-1.8402599,-0.6690268,-1.2987956,-0.6023601,0.9913615,-0.23169003
314.0,0.18388258,0.72571343,1.528908,-0.26904285,-1.548616,0.27579862,-0.9440984,0.5194505,-0.19584616,-0.4485783,0.20402724,0.08560216,-2.1236048,1.6817228,-0.31417575,-0.65415335,0.056938812,0.64060867,-0.66927326,1.1235603,0.5186983,0.2208563,-1.7954268,-0.63714284,-0.77389675,-1.1628757,-1.0169736,-0.311763,0.093847,-0.54887074,-0.6902066,0.06463632,-0.434908,-0.5957958,0.37345642,-1.341869,-0.5101513,0.108199455,0.58352596
316.0,-0.76572865,-1.2105693,-0.14404532,-1.0892072,-1.9344904,-1.7004818,-1.428277,-0.047556404,-3.345468,-0.20501919,-0.49276608,-0.3330538,-1.9151988,-0.3005242,-0.30967858,-0.41220507,-0.6438745,0.085128926,-0.53488606,0.08081099,0.27859995,-0.2995623,-2.1556003,-0.9715089,-1.1452262,-1.2555515,-1.1318525,-1.1571555,-0.645893,-1.4218526,-1.3790951,-0.7901192,-1.2903953,-0.933104,0.7657048,0.6570605,-0.25049543,0.87052464,0.2933939
318.0,-0.20386548,-0.59544986,-0.47421563,-0.32693478,-0.7329698,-0.17624561,-1.8504987,0.50807524,-2.5877228,0.18351527,0.57642543,0.79865766,-0.7353937,0.662961,0.9817576,0.49175066,0.87937367,-0.75926626,-0.58071536,-0.1670914,-0.6333187,-0.19093373,-0.05901151,0.008571062,0.17729342,-1.1656305,-0.71775156,-0.8846025,0.29211718,0.69400436,-1.108137,0.5194447,-0.651119,-0.53090584,0.38290808,0.18010584,0.5397148,-0.3640575,0.35470083
320.0,-0.7442328,0.5449458,-0.87085766,-0.400147,-0.3494663,-0.69770175,-1.1985308,0.6056106,-1.3149086,1.3117115,1.2888387,1.678074,0.24339344,-0.72549254,0.30511838,0.053946234,0.80800265,-0.9251266,-0.5853519,-0.15308046,-0.45364782,-0.52002364,-0.04109885,-0.28403446,0.43221685,-1.3076316,-1.002314,-1.6170654,-1.4378365,-0.32762116,-0.95580274,0.81267583,-1.2032115,-0.69679683,-1.0047907,-0.7082494,0.20786896,-0.39809504,-0.23868233
322.0,0.18087912,1.3057014,-0.2978256,0.26409975,-0.09971232,-0.6207829,-1.3380741,0.14068961,0.12124691,1.2170874,1.1380838,1.3639544,-0.5027126,-1.1538697,-0.7501296,-0.78907233,0.7582012,-0.5322474,-0.8238907,-0.61091876,-0.93954027,-0.93274605,-0.34195396,-0.0839976,1.152948,-0.9345897,-1.2622038,-1.7148682,-2.3199441,-1.0867018,-0.71237415,-0.47608063,-0.6386326,-0.86381173,-0.21007173,-1.6485276,-0.48201963,-0.50197625,-0.84331554
324.0,0.33385164,0.14907527,-0.016985474,0.29492372,0.377621,0.5847251,0.070704,0.45420718,1.3795695,1.407371,0.77336055,1.777616,1.1321967,-0.29773065,0.2659151,-0.13924472,0.83143795,-0.09927568,-0.45739716,-0.07818521,-0.28023612,-0.3197716,-0.4462432,0.9040985,1.4746321,-0.71037436,-0.5891266,-1.5447164,-1.768452,-0.43546987,-1.1560524,-0.19753516,-1.2991238,0.51853955,0.33837613,0.062980056,0.022546204,-0.5889235,0.28114998
326.0,-1.1663202,-0.2764289,-0.2637234,0.9823777,-0.083180115,0.20124741,0.24997993,-0.9831766,0.76523376,0.38384664,-0.066913836,0.75372595,1.0030922,-1.5852786,0.36110535,-0.7856804,-0.5821654,-1.4308931,-0.18196693,-2.9017048,-1.6055235,-1.8841703,-0.83084565,1.3131574,0.50550544,0.39618778,0.5152474,-1.4274881,-0.7119037,-0.5307663,-2.2760222,-1.0287933,-1.2120017,-1.371547,2.3023932,0.28953487,1.0570104,-1.7904363,-0.46127853
328.0,-0.9747648,-0.4571064,2.979901,1.0993956,-0.40646404,0.16770416,-0.93290764,-2.654979,1.0979974,0.38774243,0.97659814,1.6422117,0.9687706,-0.03158515,0.7361902,0.3405388,-0.39444765,-1.5158551,-1.1478282,-3.2868261,-1.6389973,-2.8184278,-0.03711215,2.3790746,0.8996221,1.1598167,1.6446877,0.35480508,0.22769554,0.94783574,-1.4169588,0.71315646,-0.3865213,-2.274343,2.1060865,0.9018603,2.2284484,-1.1350768,-0.3176864
330.0,0.12991673,0.47152707,2.9751475,0.13653699,-1.0226026,-0.7690549,-1.6493721,-3.0453677,-0.89350504,0.5335982,1.2330725,1.6376518,-0.032325886,-1.175115,1.1602689,1.1425006,0.7265937,-0.103706576,-1.0329965,-2.30669,-1.1766204,-3.028545,0.691992,1.1180489,0.33279786,-1.0356567,-1.022717,0.12631908,0.24832737,-0.23431326,-1.2938443,0.23084481,-0.49053234,-1.9980279,0.22705682,-0.6946293,-0.11523696,0.90967387,-0.1881542
332.0,0.112997696,1.8112807,1.3608397,-1.4305309,-0.55736774,-0.5179297,-0.78198177,-1.4894315,-0.88469315,0.5589247,1.5437835,1.0306879,0.96945274,0.09462911,0.5867356,0.8944174,2.0119271,1.320385,0.66892165,-1.1001345,0.08100194,-1.9187334,0.40767273,0.31520733,0.17837448,-1.4317595,-1.1354649,-1.0659182,-0.095443174,-0.8476124,-1.0970852,0.29101205,0.5094341,-0.8161625,-0.19231033,-1.2330347,-1.3050411,0.37784117,-0.33959445
334.0,2.1913953,3.3858738,1.2601855,-0.44314763,-0.02911476,0.42156276,-1.8273324,-1.8940039,-0.6879202,1.074456,1.4827479,2.3091824,2.0083566,0.5725324,1.530464,1.0882307,2.9207394,-0.75048673,0.17215389,-2.1441636,-1.1113207,-3.1414595,2.1239874,1.9675136,1.0247262,-0.729616,0.30001613,-1.7939098,-1.4374511,1.3961347,-1.811272,-0.5893242,-0.04849525,-1.6829518,1.2501732,0.48469752,-0.16086547,-1.5444412,-0.123753645
